ISO-10303-21;
HEADER;
/* Generated by software containing ST-Developer
 * from STEP Tools, Inc. (www.steptools.com) 
 */
/* OPTION: using custom renumber hook */

FILE_DESCRIPTION(
/* description */ ('STEP AP242 Edition 2',
'CAx-IF Rec.Pracs.---Representation and Presentation of Product Manufa
cturing Information (PMI)---4.0---2014-10-13',
'CAx-IF Rec.Pracs.---3D Tessellated Geometry---0.4---2014-09-14','2;1',
'CAx-IF Rec.Pracs.---User Defined Attributes---1.5---2016-08-15'),
/* implementation_level */ '2;1');

FILE_NAME(
/* name */ '698d5f73336c8f017a688ed2',
/* time_stamp */ '2026-02-12T05:04:52Z',
/* author */ (''),
/* organization */ (''),
/* preprocessor_version */ 'ST-DEVELOPER v20',
/* originating_system */ 'ONSHAPE BY PTC INC, 1.210',
/* authorisation */ '  ');

FILE_SCHEMA (('AP242_MANAGED_MODEL_BASED_3D_ENGINEERING_MIM_LF { 1 0 10303 442 3 1 4 }'));
ENDSEC;

DATA;
#10=SHAPE_REPRESENTATION_RELATIONSHIP('','',#2174,#11);
#11=ADVANCED_BREP_SHAPE_REPRESENTATION('',(#2172),#3903);
#12=CONICAL_SURFACE('',#2226,0.0255,0.982793723247329);
#13=CONICAL_SURFACE('',#2228,0.0255,0.982793723247329);
#14=CONICAL_SURFACE('',#2230,0.024,0.982793723247329);
#15=CONICAL_SURFACE('',#2231,0.0255,0.982793723247329);
#16=CONICAL_SURFACE('',#2242,0.0255,0.982793723247329);
#17=CONICAL_SURFACE('',#2243,0.0255,0.982793723247329);
#18=CONICAL_SURFACE('',#2244,0.024,0.982793723247329);
#19=CONICAL_SURFACE('',#2245,0.0255,0.982793723247329);
#20=CONICAL_SURFACE('',#2256,0.0255,0.982793723247329);
#21=CONICAL_SURFACE('',#2257,0.0255,0.982793723247329);
#22=CONICAL_SURFACE('',#2258,0.024,0.982793723247329);
#23=CONICAL_SURFACE('',#2259,0.0255,0.982793723247329);
#24=CONICAL_SURFACE('',#2270,0.0255,0.982793723247329);
#25=CONICAL_SURFACE('',#2271,0.0255,0.982793723247329);
#26=CONICAL_SURFACE('',#2272,0.024,0.982793723247329);
#27=CONICAL_SURFACE('',#2273,0.0255,0.982793723247329);
#28=CONICAL_SURFACE('',#2286,0.0255,0.982793723247329);
#29=CONICAL_SURFACE('',#2288,0.0255,0.982793723247329);
#30=CONICAL_SURFACE('',#2290,0.024,0.982793723247329);
#31=CONICAL_SURFACE('',#2291,0.0255,0.982793723247329);
#32=CONICAL_SURFACE('',#2302,0.0255,0.982793723247329);
#33=CONICAL_SURFACE('',#2303,0.0255,0.982793723247329);
#34=CONICAL_SURFACE('',#2304,0.024,0.982793723247329);
#35=CONICAL_SURFACE('',#2305,0.0255,0.982793723247329);
#36=CYLINDRICAL_SURFACE('',#2190,0.0254999999999996);
#37=CYLINDRICAL_SURFACE('',#2218,0.024);
#38=CYLINDRICAL_SURFACE('',#2221,0.024);
#39=CYLINDRICAL_SURFACE('',#2236,0.024);
#40=CYLINDRICAL_SURFACE('',#2239,0.024);
#41=CYLINDRICAL_SURFACE('',#2250,0.024);
#42=CYLINDRICAL_SURFACE('',#2253,0.024);
#43=CYLINDRICAL_SURFACE('',#2264,0.024);
#44=CYLINDRICAL_SURFACE('',#2267,0.024);
#45=CYLINDRICAL_SURFACE('',#2278,0.024);
#46=CYLINDRICAL_SURFACE('',#2283,0.024);
#47=CYLINDRICAL_SURFACE('',#2296,0.024);
#48=CYLINDRICAL_SURFACE('',#2299,0.024);
#49=CYLINDRICAL_SURFACE('',#2306,0.0225);
#50=CYLINDRICAL_SURFACE('',#2316,0.024);
#51=CYLINDRICAL_SURFACE('',#2318,0.024);
#52=CYLINDRICAL_SURFACE('',#2320,0.024);
#53=CYLINDRICAL_SURFACE('',#2322,0.024);
#54=CYLINDRICAL_SURFACE('',#2324,0.024);
#55=CYLINDRICAL_SURFACE('',#2325,0.024);
#56=CYLINDRICAL_SURFACE('',#2348,0.0255);
#57=CYLINDRICAL_SURFACE('',#2349,0.024);
#58=CYLINDRICAL_SURFACE('',#2353,0.0255);
#59=CYLINDRICAL_SURFACE('',#2354,0.00175);
#60=CYLINDRICAL_SURFACE('',#2359,0.00175);
#61=CYLINDRICAL_SURFACE('',#2360,0.00175);
#62=CYLINDRICAL_SURFACE('',#2361,0.00175);
#63=CYLINDRICAL_SURFACE('',#2362,0.00175);
#64=CYLINDRICAL_SURFACE('',#2363,0.00175);
#65=CYLINDRICAL_SURFACE('',#2364,0.00175);
#66=CYLINDRICAL_SURFACE('',#2365,0.00175);
#67=CYLINDRICAL_SURFACE('',#2380,0.00175);
#68=CYLINDRICAL_SURFACE('',#2381,0.00175);
#69=CYLINDRICAL_SURFACE('',#2384,0.01375);
#70=CYLINDRICAL_SURFACE('',#2386,0.00175);
#71=CYLINDRICAL_SURFACE('',#2387,0.00175);
#72=CYLINDRICAL_SURFACE('',#2390,0.00175);
#73=CYLINDRICAL_SURFACE('',#2392,0.00175);
#74=CYLINDRICAL_SURFACE('',#2394,0.00175);
#75=CYLINDRICAL_SURFACE('',#2395,0.00175);
#76=CYLINDRICAL_SURFACE('',#2398,0.00175);
#77=CYLINDRICAL_SURFACE('',#2402,0.01025);
#78=CYLINDRICAL_SURFACE('',#2411,0.01025);
#79=CYLINDRICAL_SURFACE('',#2413,0.001);
#80=CYLINDRICAL_SURFACE('',#2416,0.001);
#81=CYLINDRICAL_SURFACE('',#2419,0.001);
#82=CYLINDRICAL_SURFACE('',#2422,0.001);
#83=CYLINDRICAL_SURFACE('',#2427,0.004);
#84=CYLINDRICAL_SURFACE('',#2430,0.002);
#85=CYLINDRICAL_SURFACE('',#2433,0.002);
#86=CYLINDRICAL_SURFACE('',#2436,0.002);
#87=CYLINDRICAL_SURFACE('',#2439,0.002);
#88=CIRCLE('',#2179,0.024);
#89=CIRCLE('',#2180,0.00175);
#90=CIRCLE('',#2181,0.024);
#91=CIRCLE('',#2182,0.00175);
#92=CIRCLE('',#2183,0.024);
#93=CIRCLE('',#2184,0.00175);
#94=CIRCLE('',#2185,0.024);
#95=CIRCLE('',#2186,0.00175);
#96=CIRCLE('',#2187,0.0254999999999996);
#97=CIRCLE('',#2191,0.0255);
#98=CIRCLE('',#2192,0.0255);
#99=CIRCLE('',#2193,0.0255);
#100=CIRCLE('',#2194,0.0255);
#101=CIRCLE('',#2195,0.0255);
#102=CIRCLE('',#2196,0.0255);
#103=CIRCLE('',#2197,0.0255);
#104=CIRCLE('',#2198,0.0255);
#105=CIRCLE('',#2199,0.0254999999999996);
#106=CIRCLE('',#2200,0.0255);
#107=CIRCLE('',#2201,0.0255);
#108=CIRCLE('',#2202,0.0255);
#109=CIRCLE('',#2203,0.0255);
#110=CIRCLE('',#2204,0.0255);
#111=CIRCLE('',#2205,0.0255);
#112=CIRCLE('',#2206,0.0255);
#113=CIRCLE('',#2207,0.0255);
#114=CIRCLE('',#2208,0.0255);
#115=CIRCLE('',#2209,0.0255);
#116=CIRCLE('',#2210,0.0255);
#117=CIRCLE('',#2211,0.0255);
#118=CIRCLE('',#2212,0.0255);
#119=CIRCLE('',#2213,0.0255);
#120=CIRCLE('',#2214,0.0255);
#121=CIRCLE('',#2215,0.0255);
#122=CIRCLE('',#2217,0.024);
#123=CIRCLE('',#2219,0.024);
#124=CIRCLE('',#2220,0.024);
#125=CIRCLE('',#2222,0.024);
#126=CIRCLE('',#2223,0.024);
#127=CIRCLE('',#2224,0.024);
#128=CIRCLE('',#2225,0.024);
#129=CIRCLE('',#2227,0.024);
#130=CIRCLE('',#2229,0.024);
#131=CIRCLE('',#2237,0.024);
#132=CIRCLE('',#2238,0.024);
#133=CIRCLE('',#2240,0.024);
#134=CIRCLE('',#2241,0.024);
#135=CIRCLE('',#2251,0.024);
#136=CIRCLE('',#2252,0.024);
#137=CIRCLE('',#2254,0.024);
#138=CIRCLE('',#2255,0.024);
#139=CIRCLE('',#2265,0.024);
#140=CIRCLE('',#2266,0.024);
#141=CIRCLE('',#2268,0.024);
#142=CIRCLE('',#2269,0.024);
#143=CIRCLE('',#2279,0.024);
#144=CIRCLE('',#2280,0.024);
#145=CIRCLE('',#2281,0.024);
#146=CIRCLE('',#2282,0.024);
#147=CIRCLE('',#2284,0.024);
#148=CIRCLE('',#2285,0.024);
#149=CIRCLE('',#2287,0.024);
#150=CIRCLE('',#2289,0.024);
#151=CIRCLE('',#2297,0.024);
#152=CIRCLE('',#2298,0.024);
#153=CIRCLE('',#2300,0.024);
#154=CIRCLE('',#2301,0.024);
#155=CIRCLE('',#2307,0.0225);
#156=CIRCLE('',#2308,0.0225);
#157=CIRCLE('',#2309,0.0225);
#158=CIRCLE('',#2310,0.0225);
#159=CIRCLE('',#2311,0.0225);
#160=CIRCLE('',#2312,0.0225);
#161=CIRCLE('',#2313,0.0225);
#162=CIRCLE('',#2314,0.0225);
#163=CIRCLE('',#2315,0.0225);
#164=CIRCLE('',#2317,0.024);
#165=CIRCLE('',#2319,0.024);
#166=CIRCLE('',#2321,0.024);
#167=CIRCLE('',#2323,0.024);
#168=CIRCLE('',#2327,0.0255);
#169=CIRCLE('',#2329,0.00175);
#170=CIRCLE('',#2330,0.01375);
#171=CIRCLE('',#2331,0.00175);
#172=CIRCLE('',#2332,0.00175);
#173=CIRCLE('',#2333,0.00175);
#174=CIRCLE('',#2334,0.00175);
#175=CIRCLE('',#2335,0.00175);
#176=CIRCLE('',#2336,0.01375);
#177=CIRCLE('',#2337,0.00175);
#178=CIRCLE('',#2338,0.00175);
#179=CIRCLE('',#2339,0.01375);
#180=CIRCLE('',#2340,0.00175);
#181=CIRCLE('',#2341,0.0255);
#182=CIRCLE('',#2343,0.00175);
#183=CIRCLE('',#2344,0.00175);
#184=CIRCLE('',#2345,0.00175);
#185=CIRCLE('',#2346,0.00175);
#186=CIRCLE('',#2347,0.0255);
#187=CIRCLE('',#2350,0.024);
#188=CIRCLE('',#2352,0.0255);
#189=CIRCLE('',#2355,0.00175);
#190=CIRCLE('',#2358,0.00175);
#191=CIRCLE('',#2367,0.01025);
#192=CIRCLE('',#2368,0.00175);
#193=CIRCLE('',#2369,0.01375);
#194=CIRCLE('',#2370,0.00175);
#195=CIRCLE('',#2371,0.00175);
#196=CIRCLE('',#2372,0.01375);
#197=CIRCLE('',#2373,0.00175);
#198=CIRCLE('',#2374,0.00175);
#199=CIRCLE('',#2375,0.01375);
#200=CIRCLE('',#2376,0.00175);
#201=CIRCLE('',#2377,0.00175);
#202=CIRCLE('',#2378,0.01375);
#203=CIRCLE('',#2379,0.00175);
#204=CIRCLE('',#2385,0.01375);
#205=CIRCLE('',#2399,0.00175);
#206=CIRCLE('',#2403,0.01025);
#207=CIRCLE('',#2405,0.002);
#208=CIRCLE('',#2406,0.002);
#209=CIRCLE('',#2407,0.002);
#210=CIRCLE('',#2408,0.002);
#211=CIRCLE('',#2410,0.01025);
#212=CIRCLE('',#2412,0.01025);
#213=CIRCLE('',#2414,0.001);
#214=CIRCLE('',#2415,0.001);
#215=CIRCLE('',#2417,0.001);
#216=CIRCLE('',#2418,0.001);
#217=CIRCLE('',#2420,0.001);
#218=CIRCLE('',#2421,0.001);
#219=CIRCLE('',#2423,0.001);
#220=CIRCLE('',#2424,0.001);
#221=CIRCLE('',#2426,0.004);
#222=CIRCLE('',#2428,0.004);
#223=CIRCLE('',#2431,0.002);
#224=CIRCLE('',#2434,0.002);
#225=CIRCLE('',#2437,0.002);
#226=CIRCLE('',#2440,0.002);
#227=LINE('',#3096,#339);
#228=LINE('',#3103,#340);
#229=LINE('',#3105,#341);
#230=LINE('',#3113,#342);
#231=LINE('',#3139,#343);
#232=LINE('',#3147,#344);
#233=LINE('',#3160,#345);
#234=LINE('',#3167,#346);
#235=LINE('',#3171,#347);
#236=LINE('',#3176,#348);
#237=LINE('',#3183,#349);
#238=LINE('',#3188,#350);
#239=LINE('',#3194,#351);
#240=LINE('',#3198,#352);
#241=LINE('',#3202,#353);
#242=LINE('',#3206,#354);
#243=LINE('',#3207,#355);
#244=LINE('',#3212,#356);
#245=LINE('',#3215,#357);
#246=LINE('',#3220,#358);
#247=LINE('',#3223,#359);
#248=LINE('',#3228,#360);
#249=LINE('',#3231,#361);
#250=LINE('',#3236,#362);
#251=LINE('',#3239,#363);
#252=LINE('',#3244,#364);
#253=LINE('',#3247,#365);
#254=LINE('',#3252,#366);
#255=LINE('',#3263,#367);
#256=LINE('',#3269,#368);
#257=LINE('',#3273,#369);
#258=LINE('',#3277,#370);
#259=LINE('',#3325,#371);
#260=LINE('',#3332,#372);
#261=LINE('',#3349,#373);
#262=LINE('',#3366,#374);
#263=LINE('',#3383,#375);
#264=LINE('',#3396,#376);
#265=LINE('',#3403,#377);
#266=LINE('',#3409,#378);
#267=LINE('',#3415,#379);
#268=LINE('',#3442,#380);
#269=LINE('',#3455,#381);
#270=LINE('',#3467,#382);
#271=LINE('',#3473,#383);
#272=LINE('',#3500,#384);
#273=LINE('',#3513,#385);
#274=LINE('',#3525,#386);
#275=LINE('',#3529,#387);
#276=LINE('',#3533,#388);
#277=LINE('',#3539,#389);
#278=LINE('',#3587,#390);
#279=LINE('',#3600,#391);
#280=LINE('',#3607,#392);
#281=LINE('',#3624,#393);
#282=LINE('',#3628,#394);
#283=LINE('',#3632,#395);
#284=LINE('',#3636,#396);
#285=LINE('',#3640,#397);
#286=LINE('',#3644,#398);
#287=LINE('',#3648,#399);
#288=LINE('',#3652,#400);
#289=LINE('',#3654,#401);
#290=LINE('',#3656,#402);
#291=LINE('',#3660,#403);
#292=LINE('',#3664,#404);
#293=LINE('',#3666,#405);
#294=LINE('',#3668,#406);
#295=LINE('',#3672,#407);
#296=LINE('',#3674,#408);
#297=LINE('',#3678,#409);
#298=LINE('',#3680,#410);
#299=LINE('',#3685,#411);
#300=LINE('',#3693,#412);
#301=LINE('',#3694,#413);
#302=LINE('',#3702,#414);
#303=LINE('',#3703,#415);
#304=LINE('',#3711,#416);
#305=LINE('',#3712,#417);
#306=LINE('',#3720,#418);
#307=LINE('',#3753,#419);
#308=LINE('',#3755,#420);
#309=LINE('',#3759,#421);
#310=LINE('',#3765,#422);
#311=LINE('',#3766,#423);
#312=LINE('',#3774,#424);
#313=LINE('',#3775,#425);
#314=LINE('',#3783,#426);
#315=LINE('',#3784,#427);
#316=LINE('',#3790,#428);
#317=LINE('',#3794,#429);
#318=LINE('',#3795,#430);
#319=LINE('',#3797,#431);
#320=LINE('',#3798,#432);
#321=LINE('',#3802,#433);
#322=LINE('',#3803,#434);
#323=LINE('',#3804,#435);
#324=LINE('',#3808,#436);
#325=LINE('',#3809,#437);
#326=LINE('',#3810,#438);
#327=LINE('',#3812,#439);
#328=LINE('',#3814,#440);
#329=LINE('',#3818,#441);
#330=LINE('',#3819,#442);
#331=LINE('',#3822,#443);
#332=LINE('',#3823,#444);
#333=LINE('',#3826,#445);
#334=LINE('',#3828,#446);
#335=LINE('',#3832,#447);
#336=LINE('',#3834,#448);
#337=LINE('',#3838,#449);
#338=LINE('',#3840,#450);
#339=VECTOR('',#2446,1.);
#340=VECTOR('',#2447,1.);
#341=VECTOR('',#2450,1.);
#342=VECTOR('',#2451,1.);
#343=VECTOR('',#2474,1.);
#344=VECTOR('',#2475,1.);
#345=VECTOR('',#2478,1.);
#346=VECTOR('',#2479,1.);
#347=VECTOR('',#2484,1.);
#348=VECTOR('',#2489,1.);
#349=VECTOR('',#2496,1.);
#350=VECTOR('',#2501,1.);
#351=VECTOR('',#2506,1.);
#352=VECTOR('',#2509,1.);
#353=VECTOR('',#2512,1.);
#354=VECTOR('',#2515,1.);
#355=VECTOR('',#2516,1.);
#356=VECTOR('',#2519,1.);
#357=VECTOR('',#2522,1.);
#358=VECTOR('',#2525,1.);
#359=VECTOR('',#2528,1.);
#360=VECTOR('',#2531,1.);
#361=VECTOR('',#2534,1.);
#362=VECTOR('',#2537,1.);
#363=VECTOR('',#2540,1.);
#364=VECTOR('',#2543,1.);
#365=VECTOR('',#2546,1.);
#366=VECTOR('',#2549,1.);
#367=VECTOR('',#2562,1.);
#368=VECTOR('',#2569,1.);
#369=VECTOR('',#2572,1.);
#370=VECTOR('',#2575,1.);
#371=VECTOR('',#2590,1.);
#372=VECTOR('',#2593,1.);
#373=VECTOR('',#2596,1.);
#374=VECTOR('',#2599,1.);
#375=VECTOR('',#2622,1.);
#376=VECTOR('',#2627,1.);
#377=VECTOR('',#2630,1.);
#378=VECTOR('',#2637,1.);
#379=VECTOR('',#2644,1.);
#380=VECTOR('',#2655,1.);
#381=VECTOR('',#2660,1.);
#382=VECTOR('',#2669,1.);
#383=VECTOR('',#2676,1.);
#384=VECTOR('',#2687,1.);
#385=VECTOR('',#2692,1.);
#386=VECTOR('',#2701,1.);
#387=VECTOR('',#2704,1.);
#388=VECTOR('',#2707,1.);
#389=VECTOR('',#2714,1.);
#390=VECTOR('',#2729,1.);
#391=VECTOR('',#2734,1.);
#392=VECTOR('',#2737,1.);
#393=VECTOR('',#2764,1.);
#394=VECTOR('',#2767,1.);
#395=VECTOR('',#2770,1.);
#396=VECTOR('',#2773,1.);
#397=VECTOR('',#2776,1.);
#398=VECTOR('',#2779,1.);
#399=VECTOR('',#2782,1.);
#400=VECTOR('',#2785,1.);
#401=VECTOR('',#2788,1.);
#402=VECTOR('',#2789,1.);
#403=VECTOR('',#2794,1.);
#404=VECTOR('',#2797,1.);
#405=VECTOR('',#2800,1.);
#406=VECTOR('',#2801,1.);
#407=VECTOR('',#2806,1.);
#408=VECTOR('',#2807,1.);
#409=VECTOR('',#2812,1.);
#410=VECTOR('',#2815,1.);
#411=VECTOR('',#2822,1.);
#412=VECTOR('',#2829,1.);
#413=VECTOR('',#2830,1.);
#414=VECTOR('',#2837,1.);
#415=VECTOR('',#2838,1.);
#416=VECTOR('',#2845,1.);
#417=VECTOR('',#2846,1.);
#418=VECTOR('',#2853,1.);
#419=VECTOR('',#2908,1.);
#420=VECTOR('',#2909,1.);
#421=VECTOR('',#2912,1.);
#422=VECTOR('',#2917,1.);
#423=VECTOR('',#2918,1.);
#424=VECTOR('',#2925,1.);
#425=VECTOR('',#2926,1.);
#426=VECTOR('',#2933,1.);
#427=VECTOR('',#2934,1.);
#428=VECTOR('',#2939,1.);
#429=VECTOR('',#2944,1.);
#430=VECTOR('',#2945,1.);
#431=VECTOR('',#2948,1.);
#432=VECTOR('',#2949,1.);
#433=VECTOR('',#2956,1.);
#434=VECTOR('',#2957,1.);
#435=VECTOR('',#2958,1.);
#436=VECTOR('',#2961,1.);
#437=VECTOR('',#2962,1.);
#438=VECTOR('',#2963,1.);
#439=VECTOR('',#2966,1.);
#440=VECTOR('',#2969,1.);
#441=VECTOR('',#2976,1.);
#442=VECTOR('',#2977,1.);
#443=VECTOR('',#2982,1.);
#444=VECTOR('',#2983,1.);
#445=VECTOR('',#2988,1.);
#446=VECTOR('',#2991,1.);
#447=VECTOR('',#2998,1.);
#448=VECTOR('',#2999,1.);
#449=VECTOR('',#3004,1.);
#450=VECTOR('',#3007,1.);
#451=ORIENTED_EDGE('',*,*,#1061,.F.);
#452=ORIENTED_EDGE('',*,*,#1062,.F.);
#453=ORIENTED_EDGE('',*,*,#1063,.F.);
#454=ORIENTED_EDGE('',*,*,#1064,.T.);
#455=ORIENTED_EDGE('',*,*,#1065,.T.);
#456=ORIENTED_EDGE('',*,*,#1066,.T.);
#457=ORIENTED_EDGE('',*,*,#1067,.F.);
#458=ORIENTED_EDGE('',*,*,#1068,.T.);
#459=ORIENTED_EDGE('',*,*,#1069,.T.);
#460=ORIENTED_EDGE('',*,*,#1070,.F.);
#461=ORIENTED_EDGE('',*,*,#1071,.T.);
#462=ORIENTED_EDGE('',*,*,#1072,.F.);
#463=ORIENTED_EDGE('',*,*,#1073,.T.);
#464=ORIENTED_EDGE('',*,*,#1074,.F.);
#465=ORIENTED_EDGE('',*,*,#1075,.T.);
#466=ORIENTED_EDGE('',*,*,#1076,.F.);
#467=ORIENTED_EDGE('',*,*,#1077,.F.);
#468=ORIENTED_EDGE('',*,*,#1078,.T.);
#469=ORIENTED_EDGE('',*,*,#1079,.T.);
#470=ORIENTED_EDGE('',*,*,#1080,.F.);
#471=ORIENTED_EDGE('',*,*,#1081,.F.);
#472=ORIENTED_EDGE('',*,*,#1082,.F.);
#473=ORIENTED_EDGE('',*,*,#1083,.F.);
#474=ORIENTED_EDGE('',*,*,#1084,.T.);
#475=ORIENTED_EDGE('',*,*,#1085,.T.);
#476=ORIENTED_EDGE('',*,*,#1064,.F.);
#477=ORIENTED_EDGE('',*,*,#1086,.F.);
#478=ORIENTED_EDGE('',*,*,#1087,.T.);
#479=ORIENTED_EDGE('',*,*,#1088,.T.);
#480=ORIENTED_EDGE('',*,*,#1078,.F.);
#481=ORIENTED_EDGE('',*,*,#1089,.F.);
#482=ORIENTED_EDGE('',*,*,#1090,.T.);
#483=ORIENTED_EDGE('',*,*,#1091,.T.);
#484=ORIENTED_EDGE('',*,*,#1077,.T.);
#485=ORIENTED_EDGE('',*,*,#1092,.F.);
#486=ORIENTED_EDGE('',*,*,#1067,.T.);
#487=ORIENTED_EDGE('',*,*,#1093,.T.);
#488=ORIENTED_EDGE('',*,*,#1094,.F.);
#489=ORIENTED_EDGE('',*,*,#1095,.F.);
#490=ORIENTED_EDGE('',*,*,#1083,.T.);
#491=ORIENTED_EDGE('',*,*,#1096,.T.);
#492=ORIENTED_EDGE('',*,*,#1097,.F.);
#493=ORIENTED_EDGE('',*,*,#1098,.F.);
#494=ORIENTED_EDGE('',*,*,#1099,.F.);
#495=ORIENTED_EDGE('',*,*,#1100,.T.);
#496=ORIENTED_EDGE('',*,*,#1101,.T.);
#497=ORIENTED_EDGE('',*,*,#1102,.F.);
#498=ORIENTED_EDGE('',*,*,#1103,.F.);
#499=ORIENTED_EDGE('',*,*,#1104,.T.);
#500=ORIENTED_EDGE('',*,*,#1105,.T.);
#501=ORIENTED_EDGE('',*,*,#1106,.F.);
#502=ORIENTED_EDGE('',*,*,#1107,.F.);
#503=ORIENTED_EDGE('',*,*,#1108,.F.);
#504=ORIENTED_EDGE('',*,*,#1109,.T.);
#505=ORIENTED_EDGE('',*,*,#1110,.T.);
#506=ORIENTED_EDGE('',*,*,#1111,.F.);
#507=ORIENTED_EDGE('',*,*,#1112,.F.);
#508=ORIENTED_EDGE('',*,*,#1113,.T.);
#509=ORIENTED_EDGE('',*,*,#1114,.T.);
#510=ORIENTED_EDGE('',*,*,#1115,.F.);
#511=ORIENTED_EDGE('',*,*,#1116,.F.);
#512=ORIENTED_EDGE('',*,*,#1117,.T.);
#513=ORIENTED_EDGE('',*,*,#1118,.T.);
#514=ORIENTED_EDGE('',*,*,#1119,.F.);
#515=ORIENTED_EDGE('',*,*,#1120,.F.);
#516=ORIENTED_EDGE('',*,*,#1121,.T.);
#517=ORIENTED_EDGE('',*,*,#1122,.T.);
#518=ORIENTED_EDGE('',*,*,#1123,.F.);
#519=ORIENTED_EDGE('',*,*,#1124,.F.);
#520=ORIENTED_EDGE('',*,*,#1125,.T.);
#521=ORIENTED_EDGE('',*,*,#1126,.T.);
#522=ORIENTED_EDGE('',*,*,#1127,.F.);
#523=ORIENTED_EDGE('',*,*,#1128,.F.);
#524=ORIENTED_EDGE('',*,*,#1129,.T.);
#525=ORIENTED_EDGE('',*,*,#1130,.T.);
#526=ORIENTED_EDGE('',*,*,#1131,.T.);
#527=ORIENTED_EDGE('',*,*,#1098,.T.);
#528=ORIENTED_EDGE('',*,*,#1132,.F.);
#529=ORIENTED_EDGE('',*,*,#1080,.T.);
#530=ORIENTED_EDGE('',*,*,#1133,.F.);
#531=ORIENTED_EDGE('',*,*,#1134,.F.);
#532=ORIENTED_EDGE('',*,*,#1135,.F.);
#533=ORIENTED_EDGE('',*,*,#1062,.T.);
#534=ORIENTED_EDGE('',*,*,#1136,.F.);
#535=ORIENTED_EDGE('',*,*,#1137,.F.);
#536=ORIENTED_EDGE('',*,*,#1138,.T.);
#537=ORIENTED_EDGE('',*,*,#1139,.F.);
#538=ORIENTED_EDGE('',*,*,#1140,.F.);
#539=ORIENTED_EDGE('',*,*,#1141,.F.);
#540=ORIENTED_EDGE('',*,*,#1079,.F.);
#541=ORIENTED_EDGE('',*,*,#1091,.F.);
#542=ORIENTED_EDGE('',*,*,#1142,.T.);
#543=ORIENTED_EDGE('',*,*,#1143,.T.);
#544=ORIENTED_EDGE('',*,*,#1144,.T.);
#545=ORIENTED_EDGE('',*,*,#1133,.T.);
#546=ORIENTED_EDGE('',*,*,#1089,.T.);
#547=ORIENTED_EDGE('',*,*,#1081,.T.);
#548=ORIENTED_EDGE('',*,*,#1132,.T.);
#549=ORIENTED_EDGE('',*,*,#1145,.F.);
#550=ORIENTED_EDGE('',*,*,#1146,.T.);
#551=ORIENTED_EDGE('',*,*,#1147,.F.);
#552=ORIENTED_EDGE('',*,*,#1136,.T.);
#553=ORIENTED_EDGE('',*,*,#1061,.T.);
#554=ORIENTED_EDGE('',*,*,#1088,.F.);
#555=ORIENTED_EDGE('',*,*,#1148,.F.);
#556=ORIENTED_EDGE('',*,*,#1140,.T.);
#557=ORIENTED_EDGE('',*,*,#1149,.F.);
#558=ORIENTED_EDGE('',*,*,#1086,.T.);
#559=ORIENTED_EDGE('',*,*,#1063,.T.);
#560=ORIENTED_EDGE('',*,*,#1135,.T.);
#561=ORIENTED_EDGE('',*,*,#1150,.F.);
#562=ORIENTED_EDGE('',*,*,#1151,.F.);
#563=ORIENTED_EDGE('',*,*,#1152,.F.);
#564=ORIENTED_EDGE('',*,*,#1153,.F.);
#565=ORIENTED_EDGE('',*,*,#1094,.T.);
#566=ORIENTED_EDGE('',*,*,#1154,.T.);
#567=ORIENTED_EDGE('',*,*,#1155,.T.);
#568=ORIENTED_EDGE('',*,*,#1100,.F.);
#569=ORIENTED_EDGE('',*,*,#1156,.T.);
#570=ORIENTED_EDGE('',*,*,#1097,.T.);
#571=ORIENTED_EDGE('',*,*,#1157,.T.);
#572=ORIENTED_EDGE('',*,*,#1158,.F.);
#573=ORIENTED_EDGE('',*,*,#1159,.F.);
#574=ORIENTED_EDGE('',*,*,#1160,.F.);
#575=ORIENTED_EDGE('',*,*,#1104,.F.);
#576=ORIENTED_EDGE('',*,*,#1161,.T.);
#577=ORIENTED_EDGE('',*,*,#1162,.T.);
#578=ORIENTED_EDGE('',*,*,#1085,.F.);
#579=ORIENTED_EDGE('',*,*,#1163,.F.);
#580=ORIENTED_EDGE('',*,*,#1158,.T.);
#581=ORIENTED_EDGE('',*,*,#1164,.F.);
#582=ORIENTED_EDGE('',*,*,#1065,.F.);
#583=ORIENTED_EDGE('',*,*,#1165,.F.);
#584=ORIENTED_EDGE('',*,*,#1152,.T.);
#585=ORIENTED_EDGE('',*,*,#1166,.F.);
#586=ORIENTED_EDGE('',*,*,#1096,.F.);
#587=ORIENTED_EDGE('',*,*,#1082,.T.);
#588=ORIENTED_EDGE('',*,*,#1164,.T.);
#589=ORIENTED_EDGE('',*,*,#1157,.F.);
#590=ORIENTED_EDGE('',*,*,#1084,.F.);
#591=ORIENTED_EDGE('',*,*,#1095,.T.);
#592=ORIENTED_EDGE('',*,*,#1159,.T.);
#593=ORIENTED_EDGE('',*,*,#1163,.T.);
#594=ORIENTED_EDGE('',*,*,#1066,.F.);
#595=ORIENTED_EDGE('',*,*,#1166,.T.);
#596=ORIENTED_EDGE('',*,*,#1151,.T.);
#597=ORIENTED_EDGE('',*,*,#1093,.F.);
#598=ORIENTED_EDGE('',*,*,#1068,.F.);
#599=ORIENTED_EDGE('',*,*,#1092,.T.);
#600=ORIENTED_EDGE('',*,*,#1153,.T.);
#601=ORIENTED_EDGE('',*,*,#1165,.T.);
#602=ORIENTED_EDGE('',*,*,#1167,.F.);
#603=ORIENTED_EDGE('',*,*,#1168,.F.);
#604=ORIENTED_EDGE('',*,*,#1169,.F.);
#605=ORIENTED_EDGE('',*,*,#1107,.T.);
#606=ORIENTED_EDGE('',*,*,#1141,.T.);
#607=ORIENTED_EDGE('',*,*,#1148,.T.);
#608=ORIENTED_EDGE('',*,*,#1087,.F.);
#609=ORIENTED_EDGE('',*,*,#1150,.T.);
#610=ORIENTED_EDGE('',*,*,#1111,.T.);
#611=ORIENTED_EDGE('',*,*,#1170,.T.);
#612=ORIENTED_EDGE('',*,*,#1171,.F.);
#613=ORIENTED_EDGE('',*,*,#1172,.F.);
#614=ORIENTED_EDGE('',*,*,#1142,.F.);
#615=ORIENTED_EDGE('',*,*,#1090,.F.);
#616=ORIENTED_EDGE('',*,*,#1147,.T.);
#617=ORIENTED_EDGE('',*,*,#1173,.T.);
#618=ORIENTED_EDGE('',*,*,#1174,.F.);
#619=ORIENTED_EDGE('',*,*,#1168,.T.);
#620=ORIENTED_EDGE('',*,*,#1175,.F.);
#621=ORIENTED_EDGE('',*,*,#1176,.F.);
#622=ORIENTED_EDGE('',*,*,#1177,.F.);
#623=ORIENTED_EDGE('',*,*,#1171,.T.);
#624=ORIENTED_EDGE('',*,*,#1178,.F.);
#625=ORIENTED_EDGE('',*,*,#1179,.F.);
#626=ORIENTED_EDGE('',*,*,#1170,.F.);
#627=ORIENTED_EDGE('',*,*,#1114,.F.);
#628=ORIENTED_EDGE('',*,*,#1180,.T.);
#629=ORIENTED_EDGE('',*,*,#1178,.T.);
#630=ORIENTED_EDGE('',*,*,#1112,.T.);
#631=ORIENTED_EDGE('',*,*,#1172,.T.);
#632=ORIENTED_EDGE('',*,*,#1177,.T.);
#633=ORIENTED_EDGE('',*,*,#1181,.F.);
#634=ORIENTED_EDGE('',*,*,#1175,.T.);
#635=ORIENTED_EDGE('',*,*,#1167,.T.);
#636=ORIENTED_EDGE('',*,*,#1110,.F.);
#637=ORIENTED_EDGE('',*,*,#1182,.F.);
#638=ORIENTED_EDGE('',*,*,#1108,.T.);
#639=ORIENTED_EDGE('',*,*,#1169,.T.);
#640=ORIENTED_EDGE('',*,*,#1174,.T.);
#641=ORIENTED_EDGE('',*,*,#1183,.F.);
#642=ORIENTED_EDGE('',*,*,#1184,.F.);
#643=ORIENTED_EDGE('',*,*,#1185,.F.);
#644=ORIENTED_EDGE('',*,*,#1186,.F.);
#645=ORIENTED_EDGE('',*,*,#1115,.T.);
#646=ORIENTED_EDGE('',*,*,#1176,.T.);
#647=ORIENTED_EDGE('',*,*,#1182,.T.);
#648=ORIENTED_EDGE('',*,*,#1109,.F.);
#649=ORIENTED_EDGE('',*,*,#1183,.T.);
#650=ORIENTED_EDGE('',*,*,#1119,.T.);
#651=ORIENTED_EDGE('',*,*,#1187,.T.);
#652=ORIENTED_EDGE('',*,*,#1188,.F.);
#653=ORIENTED_EDGE('',*,*,#1189,.F.);
#654=ORIENTED_EDGE('',*,*,#1180,.F.);
#655=ORIENTED_EDGE('',*,*,#1113,.F.);
#656=ORIENTED_EDGE('',*,*,#1181,.T.);
#657=ORIENTED_EDGE('',*,*,#1179,.T.);
#658=ORIENTED_EDGE('',*,*,#1190,.F.);
#659=ORIENTED_EDGE('',*,*,#1188,.T.);
#660=ORIENTED_EDGE('',*,*,#1191,.F.);
#661=ORIENTED_EDGE('',*,*,#1192,.F.);
#662=ORIENTED_EDGE('',*,*,#1193,.F.);
#663=ORIENTED_EDGE('',*,*,#1185,.T.);
#664=ORIENTED_EDGE('',*,*,#1194,.F.);
#665=ORIENTED_EDGE('',*,*,#1195,.F.);
#666=ORIENTED_EDGE('',*,*,#1187,.F.);
#667=ORIENTED_EDGE('',*,*,#1122,.F.);
#668=ORIENTED_EDGE('',*,*,#1196,.T.);
#669=ORIENTED_EDGE('',*,*,#1191,.T.);
#670=ORIENTED_EDGE('',*,*,#1120,.T.);
#671=ORIENTED_EDGE('',*,*,#1189,.T.);
#672=ORIENTED_EDGE('',*,*,#1190,.T.);
#673=ORIENTED_EDGE('',*,*,#1197,.F.);
#674=ORIENTED_EDGE('',*,*,#1194,.T.);
#675=ORIENTED_EDGE('',*,*,#1184,.T.);
#676=ORIENTED_EDGE('',*,*,#1118,.F.);
#677=ORIENTED_EDGE('',*,*,#1198,.F.);
#678=ORIENTED_EDGE('',*,*,#1116,.T.);
#679=ORIENTED_EDGE('',*,*,#1186,.T.);
#680=ORIENTED_EDGE('',*,*,#1193,.T.);
#681=ORIENTED_EDGE('',*,*,#1199,.F.);
#682=ORIENTED_EDGE('',*,*,#1200,.F.);
#683=ORIENTED_EDGE('',*,*,#1201,.F.);
#684=ORIENTED_EDGE('',*,*,#1202,.F.);
#685=ORIENTED_EDGE('',*,*,#1123,.T.);
#686=ORIENTED_EDGE('',*,*,#1195,.T.);
#687=ORIENTED_EDGE('',*,*,#1198,.T.);
#688=ORIENTED_EDGE('',*,*,#1117,.F.);
#689=ORIENTED_EDGE('',*,*,#1199,.T.);
#690=ORIENTED_EDGE('',*,*,#1127,.T.);
#691=ORIENTED_EDGE('',*,*,#1203,.T.);
#692=ORIENTED_EDGE('',*,*,#1204,.F.);
#693=ORIENTED_EDGE('',*,*,#1205,.F.);
#694=ORIENTED_EDGE('',*,*,#1196,.F.);
#695=ORIENTED_EDGE('',*,*,#1121,.F.);
#696=ORIENTED_EDGE('',*,*,#1197,.T.);
#697=ORIENTED_EDGE('',*,*,#1192,.T.);
#698=ORIENTED_EDGE('',*,*,#1206,.F.);
#699=ORIENTED_EDGE('',*,*,#1201,.T.);
#700=ORIENTED_EDGE('',*,*,#1207,.F.);
#701=ORIENTED_EDGE('',*,*,#1208,.F.);
#702=ORIENTED_EDGE('',*,*,#1209,.T.);
#703=ORIENTED_EDGE('',*,*,#1210,.F.);
#704=ORIENTED_EDGE('',*,*,#1211,.F.);
#705=ORIENTED_EDGE('',*,*,#1212,.F.);
#706=ORIENTED_EDGE('',*,*,#1213,.F.);
#707=ORIENTED_EDGE('',*,*,#1204,.T.);
#708=ORIENTED_EDGE('',*,*,#1214,.F.);
#709=ORIENTED_EDGE('',*,*,#1215,.F.);
#710=ORIENTED_EDGE('',*,*,#1203,.F.);
#711=ORIENTED_EDGE('',*,*,#1130,.F.);
#712=ORIENTED_EDGE('',*,*,#1216,.T.);
#713=ORIENTED_EDGE('',*,*,#1217,.T.);
#714=ORIENTED_EDGE('',*,*,#1218,.T.);
#715=ORIENTED_EDGE('',*,*,#1214,.T.);
#716=ORIENTED_EDGE('',*,*,#1128,.T.);
#717=ORIENTED_EDGE('',*,*,#1205,.T.);
#718=ORIENTED_EDGE('',*,*,#1213,.T.);
#719=ORIENTED_EDGE('',*,*,#1219,.F.);
#720=ORIENTED_EDGE('',*,*,#1220,.T.);
#721=ORIENTED_EDGE('',*,*,#1221,.F.);
#722=ORIENTED_EDGE('',*,*,#1207,.T.);
#723=ORIENTED_EDGE('',*,*,#1200,.T.);
#724=ORIENTED_EDGE('',*,*,#1126,.F.);
#725=ORIENTED_EDGE('',*,*,#1222,.F.);
#726=ORIENTED_EDGE('',*,*,#1211,.T.);
#727=ORIENTED_EDGE('',*,*,#1223,.F.);
#728=ORIENTED_EDGE('',*,*,#1124,.T.);
#729=ORIENTED_EDGE('',*,*,#1202,.T.);
#730=ORIENTED_EDGE('',*,*,#1206,.T.);
#731=ORIENTED_EDGE('',*,*,#1224,.F.);
#732=ORIENTED_EDGE('',*,*,#1225,.F.);
#733=ORIENTED_EDGE('',*,*,#1226,.F.);
#734=ORIENTED_EDGE('',*,*,#1227,.F.);
#735=ORIENTED_EDGE('',*,*,#1102,.T.);
#736=ORIENTED_EDGE('',*,*,#1212,.T.);
#737=ORIENTED_EDGE('',*,*,#1222,.T.);
#738=ORIENTED_EDGE('',*,*,#1125,.F.);
#739=ORIENTED_EDGE('',*,*,#1224,.T.);
#740=ORIENTED_EDGE('',*,*,#1106,.T.);
#741=ORIENTED_EDGE('',*,*,#1228,.T.);
#742=ORIENTED_EDGE('',*,*,#1229,.F.);
#743=ORIENTED_EDGE('',*,*,#1230,.F.);
#744=ORIENTED_EDGE('',*,*,#1216,.F.);
#745=ORIENTED_EDGE('',*,*,#1129,.F.);
#746=ORIENTED_EDGE('',*,*,#1221,.T.);
#747=ORIENTED_EDGE('',*,*,#1231,.T.);
#748=ORIENTED_EDGE('',*,*,#1162,.F.);
#749=ORIENTED_EDGE('',*,*,#1232,.F.);
#750=ORIENTED_EDGE('',*,*,#1229,.T.);
#751=ORIENTED_EDGE('',*,*,#1233,.F.);
#752=ORIENTED_EDGE('',*,*,#1154,.F.);
#753=ORIENTED_EDGE('',*,*,#1234,.F.);
#754=ORIENTED_EDGE('',*,*,#1226,.T.);
#755=ORIENTED_EDGE('',*,*,#1235,.F.);
#756=ORIENTED_EDGE('',*,*,#1105,.F.);
#757=ORIENTED_EDGE('',*,*,#1160,.T.);
#758=ORIENTED_EDGE('',*,*,#1233,.T.);
#759=ORIENTED_EDGE('',*,*,#1228,.F.);
#760=ORIENTED_EDGE('',*,*,#1161,.F.);
#761=ORIENTED_EDGE('',*,*,#1103,.T.);
#762=ORIENTED_EDGE('',*,*,#1230,.T.);
#763=ORIENTED_EDGE('',*,*,#1232,.T.);
#764=ORIENTED_EDGE('',*,*,#1155,.F.);
#765=ORIENTED_EDGE('',*,*,#1235,.T.);
#766=ORIENTED_EDGE('',*,*,#1225,.T.);
#767=ORIENTED_EDGE('',*,*,#1101,.F.);
#768=ORIENTED_EDGE('',*,*,#1156,.F.);
#769=ORIENTED_EDGE('',*,*,#1099,.T.);
#770=ORIENTED_EDGE('',*,*,#1227,.T.);
#771=ORIENTED_EDGE('',*,*,#1234,.T.);
#772=ORIENTED_EDGE('',*,*,#1236,.T.);
#773=ORIENTED_EDGE('',*,*,#1237,.F.);
#774=ORIENTED_EDGE('',*,*,#1238,.T.);
#775=ORIENTED_EDGE('',*,*,#1239,.F.);
#776=ORIENTED_EDGE('',*,*,#1240,.F.);
#777=ORIENTED_EDGE('',*,*,#1241,.F.);
#778=ORIENTED_EDGE('',*,*,#1242,.T.);
#779=ORIENTED_EDGE('',*,*,#1243,.F.);
#780=ORIENTED_EDGE('',*,*,#1244,.F.);
#781=ORIENTED_EDGE('',*,*,#1245,.F.);
#782=ORIENTED_EDGE('',*,*,#1246,.T.);
#783=ORIENTED_EDGE('',*,*,#1247,.F.);
#784=ORIENTED_EDGE('',*,*,#1248,.F.);
#785=ORIENTED_EDGE('',*,*,#1249,.F.);
#786=ORIENTED_EDGE('',*,*,#1250,.T.);
#787=ORIENTED_EDGE('',*,*,#1251,.F.);
#788=ORIENTED_EDGE('',*,*,#1252,.F.);
#789=ORIENTED_EDGE('',*,*,#1253,.F.);
#790=ORIENTED_EDGE('',*,*,#1069,.F.);
#791=ORIENTED_EDGE('',*,*,#1254,.F.);
#792=ORIENTED_EDGE('',*,*,#1255,.F.);
#793=ORIENTED_EDGE('',*,*,#1256,.F.);
#794=ORIENTED_EDGE('',*,*,#1257,.F.);
#795=ORIENTED_EDGE('',*,*,#1258,.F.);
#796=ORIENTED_EDGE('',*,*,#1071,.F.);
#797=ORIENTED_EDGE('',*,*,#1259,.F.);
#798=ORIENTED_EDGE('',*,*,#1075,.F.);
#799=ORIENTED_EDGE('',*,*,#1260,.F.);
#800=ORIENTED_EDGE('',*,*,#1261,.F.);
#801=ORIENTED_EDGE('',*,*,#1262,.F.);
#802=ORIENTED_EDGE('',*,*,#1073,.F.);
#803=ORIENTED_EDGE('',*,*,#1263,.F.);
#804=ORIENTED_EDGE('',*,*,#1264,.F.);
#805=ORIENTED_EDGE('',*,*,#1173,.F.);
#806=ORIENTED_EDGE('',*,*,#1146,.F.);
#807=ORIENTED_EDGE('',*,*,#1265,.F.);
#808=ORIENTED_EDGE('',*,*,#1143,.F.);
#809=ORIENTED_EDGE('',*,*,#1231,.F.);
#810=ORIENTED_EDGE('',*,*,#1220,.F.);
#811=ORIENTED_EDGE('',*,*,#1266,.F.);
#812=ORIENTED_EDGE('',*,*,#1217,.F.);
#813=ORIENTED_EDGE('',*,*,#1236,.F.);
#814=ORIENTED_EDGE('',*,*,#1267,.F.);
#815=ORIENTED_EDGE('',*,*,#1251,.T.);
#816=ORIENTED_EDGE('',*,*,#1268,.T.);
#817=ORIENTED_EDGE('',*,*,#1269,.F.);
#818=ORIENTED_EDGE('',*,*,#1270,.F.);
#819=ORIENTED_EDGE('',*,*,#1271,.F.);
#820=ORIENTED_EDGE('',*,*,#1272,.F.);
#821=ORIENTED_EDGE('',*,*,#1247,.T.);
#822=ORIENTED_EDGE('',*,*,#1273,.T.);
#823=ORIENTED_EDGE('',*,*,#1274,.F.);
#824=ORIENTED_EDGE('',*,*,#1275,.F.);
#825=ORIENTED_EDGE('',*,*,#1276,.F.);
#826=ORIENTED_EDGE('',*,*,#1277,.F.);
#827=ORIENTED_EDGE('',*,*,#1243,.T.);
#828=ORIENTED_EDGE('',*,*,#1278,.T.);
#829=ORIENTED_EDGE('',*,*,#1279,.F.);
#830=ORIENTED_EDGE('',*,*,#1280,.F.);
#831=ORIENTED_EDGE('',*,*,#1281,.F.);
#832=ORIENTED_EDGE('',*,*,#1282,.F.);
#833=ORIENTED_EDGE('',*,*,#1239,.T.);
#834=ORIENTED_EDGE('',*,*,#1283,.T.);
#835=ORIENTED_EDGE('',*,*,#1284,.F.);
#836=ORIENTED_EDGE('',*,*,#1285,.F.);
#837=ORIENTED_EDGE('',*,*,#1286,.F.);
#838=ORIENTED_EDGE('',*,*,#1287,.F.);
#839=ORIENTED_EDGE('',*,*,#1288,.T.);
#840=ORIENTED_EDGE('',*,*,#1257,.T.);
#841=ORIENTED_EDGE('',*,*,#1289,.T.);
#842=ORIENTED_EDGE('',*,*,#1255,.T.);
#843=ORIENTED_EDGE('',*,*,#1290,.T.);
#844=ORIENTED_EDGE('',*,*,#1261,.T.);
#845=ORIENTED_EDGE('',*,*,#1291,.T.);
#846=ORIENTED_EDGE('',*,*,#1264,.T.);
#847=ORIENTED_EDGE('',*,*,#1292,.T.);
#848=ORIENTED_EDGE('',*,*,#1293,.F.);
#849=ORIENTED_EDGE('',*,*,#1293,.T.);
#850=ORIENTED_EDGE('',*,*,#1288,.F.);
#851=ORIENTED_EDGE('',*,*,#1131,.F.);
#852=ORIENTED_EDGE('',*,*,#1294,.F.);
#853=ORIENTED_EDGE('',*,*,#1294,.T.);
#854=ORIENTED_EDGE('',*,*,#1295,.T.);
#855=ORIENTED_EDGE('',*,*,#1295,.F.);
#856=ORIENTED_EDGE('',*,*,#1267,.T.);
#857=ORIENTED_EDGE('',*,*,#1296,.F.);
#858=ORIENTED_EDGE('',*,*,#1208,.T.);
#859=ORIENTED_EDGE('',*,*,#1223,.T.);
#860=ORIENTED_EDGE('',*,*,#1210,.T.);
#861=ORIENTED_EDGE('',*,*,#1209,.F.);
#862=ORIENTED_EDGE('',*,*,#1296,.T.);
#863=ORIENTED_EDGE('',*,*,#1138,.F.);
#864=ORIENTED_EDGE('',*,*,#1297,.T.);
#865=ORIENTED_EDGE('',*,*,#1297,.F.);
#866=ORIENTED_EDGE('',*,*,#1137,.T.);
#867=ORIENTED_EDGE('',*,*,#1149,.T.);
#868=ORIENTED_EDGE('',*,*,#1139,.T.);
#869=ORIENTED_EDGE('',*,*,#1218,.F.);
#870=ORIENTED_EDGE('',*,*,#1266,.T.);
#871=ORIENTED_EDGE('',*,*,#1219,.T.);
#872=ORIENTED_EDGE('',*,*,#1215,.T.);
#873=ORIENTED_EDGE('',*,*,#1144,.F.);
#874=ORIENTED_EDGE('',*,*,#1265,.T.);
#875=ORIENTED_EDGE('',*,*,#1145,.T.);
#876=ORIENTED_EDGE('',*,*,#1134,.T.);
#877=ORIENTED_EDGE('',*,*,#1292,.F.);
#878=ORIENTED_EDGE('',*,*,#1263,.T.);
#879=ORIENTED_EDGE('',*,*,#1072,.T.);
#880=ORIENTED_EDGE('',*,*,#1258,.T.);
#881=ORIENTED_EDGE('',*,*,#1291,.F.);
#882=ORIENTED_EDGE('',*,*,#1260,.T.);
#883=ORIENTED_EDGE('',*,*,#1074,.T.);
#884=ORIENTED_EDGE('',*,*,#1262,.T.);
#885=ORIENTED_EDGE('',*,*,#1290,.F.);
#886=ORIENTED_EDGE('',*,*,#1254,.T.);
#887=ORIENTED_EDGE('',*,*,#1076,.T.);
#888=ORIENTED_EDGE('',*,*,#1259,.T.);
#889=ORIENTED_EDGE('',*,*,#1289,.F.);
#890=ORIENTED_EDGE('',*,*,#1256,.T.);
#891=ORIENTED_EDGE('',*,*,#1070,.T.);
#892=ORIENTED_EDGE('',*,*,#1253,.T.);
#893=ORIENTED_EDGE('',*,*,#1298,.F.);
#894=ORIENTED_EDGE('',*,*,#1299,.F.);
#895=ORIENTED_EDGE('',*,*,#1245,.T.);
#896=ORIENTED_EDGE('',*,*,#1300,.T.);
#897=ORIENTED_EDGE('',*,*,#1301,.T.);
#898=ORIENTED_EDGE('',*,*,#1302,.T.);
#899=ORIENTED_EDGE('',*,*,#1303,.T.);
#900=ORIENTED_EDGE('',*,*,#1304,.T.);
#901=ORIENTED_EDGE('',*,*,#1305,.F.);
#902=ORIENTED_EDGE('',*,*,#1241,.T.);
#903=ORIENTED_EDGE('',*,*,#1306,.T.);
#904=ORIENTED_EDGE('',*,*,#1307,.T.);
#905=ORIENTED_EDGE('',*,*,#1308,.T.);
#906=ORIENTED_EDGE('',*,*,#1309,.T.);
#907=ORIENTED_EDGE('',*,*,#1310,.F.);
#908=ORIENTED_EDGE('',*,*,#1237,.T.);
#909=ORIENTED_EDGE('',*,*,#1311,.T.);
#910=ORIENTED_EDGE('',*,*,#1312,.T.);
#911=ORIENTED_EDGE('',*,*,#1313,.T.);
#912=ORIENTED_EDGE('',*,*,#1314,.T.);
#913=ORIENTED_EDGE('',*,*,#1315,.F.);
#914=ORIENTED_EDGE('',*,*,#1249,.T.);
#915=ORIENTED_EDGE('',*,*,#1316,.T.);
#916=ORIENTED_EDGE('',*,*,#1317,.T.);
#917=ORIENTED_EDGE('',*,*,#1318,.T.);
#918=ORIENTED_EDGE('',*,*,#1319,.T.);
#919=ORIENTED_EDGE('',*,*,#1320,.T.);
#920=ORIENTED_EDGE('',*,*,#1321,.F.);
#921=ORIENTED_EDGE('',*,*,#1312,.F.);
#922=ORIENTED_EDGE('',*,*,#1322,.T.);
#923=ORIENTED_EDGE('',*,*,#1286,.T.);
#924=ORIENTED_EDGE('',*,*,#1323,.F.);
#925=ORIENTED_EDGE('',*,*,#1284,.T.);
#926=ORIENTED_EDGE('',*,*,#1324,.F.);
#927=ORIENTED_EDGE('',*,*,#1309,.F.);
#928=ORIENTED_EDGE('',*,*,#1287,.T.);
#929=ORIENTED_EDGE('',*,*,#1322,.F.);
#930=ORIENTED_EDGE('',*,*,#1311,.F.);
#931=ORIENTED_EDGE('',*,*,#1252,.T.);
#932=ORIENTED_EDGE('',*,*,#1283,.F.);
#933=ORIENTED_EDGE('',*,*,#1238,.F.);
#934=ORIENTED_EDGE('',*,*,#1310,.T.);
#935=ORIENTED_EDGE('',*,*,#1324,.T.);
#936=ORIENTED_EDGE('',*,*,#1313,.F.);
#937=ORIENTED_EDGE('',*,*,#1321,.T.);
#938=ORIENTED_EDGE('',*,*,#1285,.T.);
#939=ORIENTED_EDGE('',*,*,#1323,.T.);
#940=ORIENTED_EDGE('',*,*,#1308,.F.);
#941=ORIENTED_EDGE('',*,*,#1325,.T.);
#942=ORIENTED_EDGE('',*,*,#1280,.T.);
#943=ORIENTED_EDGE('',*,*,#1326,.T.);
#944=ORIENTED_EDGE('',*,*,#1303,.F.);
#945=ORIENTED_EDGE('',*,*,#1327,.T.);
#946=ORIENTED_EDGE('',*,*,#1328,.T.);
#947=ORIENTED_EDGE('',*,*,#1329,.F.);
#948=ORIENTED_EDGE('',*,*,#1318,.F.);
#949=ORIENTED_EDGE('',*,*,#1330,.T.);
#950=ORIENTED_EDGE('',*,*,#1270,.T.);
#951=ORIENTED_EDGE('',*,*,#1331,.T.);
#952=ORIENTED_EDGE('',*,*,#1325,.F.);
#953=ORIENTED_EDGE('',*,*,#1307,.F.);
#954=ORIENTED_EDGE('',*,*,#1332,.T.);
#955=ORIENTED_EDGE('',*,*,#1281,.T.);
#956=ORIENTED_EDGE('',*,*,#1326,.F.);
#957=ORIENTED_EDGE('',*,*,#1279,.T.);
#958=ORIENTED_EDGE('',*,*,#1333,.F.);
#959=ORIENTED_EDGE('',*,*,#1304,.F.);
#960=ORIENTED_EDGE('',*,*,#1282,.T.);
#961=ORIENTED_EDGE('',*,*,#1332,.F.);
#962=ORIENTED_EDGE('',*,*,#1306,.F.);
#963=ORIENTED_EDGE('',*,*,#1240,.T.);
#964=ORIENTED_EDGE('',*,*,#1278,.F.);
#965=ORIENTED_EDGE('',*,*,#1242,.F.);
#966=ORIENTED_EDGE('',*,*,#1305,.T.);
#967=ORIENTED_EDGE('',*,*,#1333,.T.);
#968=ORIENTED_EDGE('',*,*,#1334,.F.);
#969=ORIENTED_EDGE('',*,*,#1301,.F.);
#970=ORIENTED_EDGE('',*,*,#1335,.T.);
#971=ORIENTED_EDGE('',*,*,#1276,.T.);
#972=ORIENTED_EDGE('',*,*,#1277,.T.);
#973=ORIENTED_EDGE('',*,*,#1335,.F.);
#974=ORIENTED_EDGE('',*,*,#1300,.F.);
#975=ORIENTED_EDGE('',*,*,#1244,.T.);
#976=ORIENTED_EDGE('',*,*,#1320,.F.);
#977=ORIENTED_EDGE('',*,*,#1336,.T.);
#978=ORIENTED_EDGE('',*,*,#1274,.T.);
#979=ORIENTED_EDGE('',*,*,#1337,.F.);
#980=ORIENTED_EDGE('',*,*,#1273,.F.);
#981=ORIENTED_EDGE('',*,*,#1246,.F.);
#982=ORIENTED_EDGE('',*,*,#1299,.T.);
#983=ORIENTED_EDGE('',*,*,#1337,.T.);
#984=ORIENTED_EDGE('',*,*,#1330,.F.);
#985=ORIENTED_EDGE('',*,*,#1317,.F.);
#986=ORIENTED_EDGE('',*,*,#1338,.T.);
#987=ORIENTED_EDGE('',*,*,#1271,.T.);
#988=ORIENTED_EDGE('',*,*,#1331,.F.);
#989=ORIENTED_EDGE('',*,*,#1269,.T.);
#990=ORIENTED_EDGE('',*,*,#1339,.F.);
#991=ORIENTED_EDGE('',*,*,#1314,.F.);
#992=ORIENTED_EDGE('',*,*,#1272,.T.);
#993=ORIENTED_EDGE('',*,*,#1338,.F.);
#994=ORIENTED_EDGE('',*,*,#1316,.F.);
#995=ORIENTED_EDGE('',*,*,#1248,.T.);
#996=ORIENTED_EDGE('',*,*,#1268,.F.);
#997=ORIENTED_EDGE('',*,*,#1250,.F.);
#998=ORIENTED_EDGE('',*,*,#1315,.T.);
#999=ORIENTED_EDGE('',*,*,#1339,.T.);
#1000=ORIENTED_EDGE('',*,*,#1340,.F.);
#1001=ORIENTED_EDGE('',*,*,#1275,.T.);
#1002=ORIENTED_EDGE('',*,*,#1341,.T.);
#1003=ORIENTED_EDGE('',*,*,#1342,.F.);
#1004=ORIENTED_EDGE('',*,*,#1334,.T.);
#1005=ORIENTED_EDGE('',*,*,#1340,.T.);
#1006=ORIENTED_EDGE('',*,*,#1343,.T.);
#1007=ORIENTED_EDGE('',*,*,#1327,.F.);
#1008=ORIENTED_EDGE('',*,*,#1302,.F.);
#1009=ORIENTED_EDGE('',*,*,#1329,.T.);
#1010=ORIENTED_EDGE('',*,*,#1344,.T.);
#1011=ORIENTED_EDGE('',*,*,#1341,.F.);
#1012=ORIENTED_EDGE('',*,*,#1336,.F.);
#1013=ORIENTED_EDGE('',*,*,#1319,.F.);
#1014=ORIENTED_EDGE('',*,*,#1298,.T.);
#1015=ORIENTED_EDGE('',*,*,#1345,.F.);
#1016=ORIENTED_EDGE('',*,*,#1346,.F.);
#1017=ORIENTED_EDGE('',*,*,#1347,.F.);
#1018=ORIENTED_EDGE('',*,*,#1348,.F.);
#1019=ORIENTED_EDGE('',*,*,#1349,.F.);
#1020=ORIENTED_EDGE('',*,*,#1345,.T.);
#1021=ORIENTED_EDGE('',*,*,#1342,.T.);
#1022=ORIENTED_EDGE('',*,*,#1344,.F.);
#1023=ORIENTED_EDGE('',*,*,#1328,.F.);
#1024=ORIENTED_EDGE('',*,*,#1343,.F.);
#1025=ORIENTED_EDGE('',*,*,#1350,.F.);
#1026=ORIENTED_EDGE('',*,*,#1351,.T.);
#1027=ORIENTED_EDGE('',*,*,#1350,.T.);
#1028=ORIENTED_EDGE('',*,*,#1352,.F.);
#1029=ORIENTED_EDGE('',*,*,#1353,.T.);
#1030=ORIENTED_EDGE('',*,*,#1354,.F.);
#1031=ORIENTED_EDGE('',*,*,#1355,.T.);
#1032=ORIENTED_EDGE('',*,*,#1356,.F.);
#1033=ORIENTED_EDGE('',*,*,#1357,.T.);
#1034=ORIENTED_EDGE('',*,*,#1358,.F.);
#1035=ORIENTED_EDGE('',*,*,#1359,.T.);
#1036=ORIENTED_EDGE('',*,*,#1360,.T.);
#1037=ORIENTED_EDGE('',*,*,#1358,.T.);
#1038=ORIENTED_EDGE('',*,*,#1356,.T.);
#1039=ORIENTED_EDGE('',*,*,#1354,.T.);
#1040=ORIENTED_EDGE('',*,*,#1352,.T.);
#1041=ORIENTED_EDGE('',*,*,#1351,.F.);
#1042=ORIENTED_EDGE('',*,*,#1361,.T.);
#1043=ORIENTED_EDGE('',*,*,#1360,.F.);
#1044=ORIENTED_EDGE('',*,*,#1361,.F.);
#1045=ORIENTED_EDGE('',*,*,#1362,.F.);
#1046=ORIENTED_EDGE('',*,*,#1346,.T.);
#1047=ORIENTED_EDGE('',*,*,#1359,.F.);
#1048=ORIENTED_EDGE('',*,*,#1362,.T.);
#1049=ORIENTED_EDGE('',*,*,#1363,.F.);
#1050=ORIENTED_EDGE('',*,*,#1347,.T.);
#1051=ORIENTED_EDGE('',*,*,#1353,.F.);
#1052=ORIENTED_EDGE('',*,*,#1363,.T.);
#1053=ORIENTED_EDGE('',*,*,#1364,.F.);
#1054=ORIENTED_EDGE('',*,*,#1348,.T.);
#1055=ORIENTED_EDGE('',*,*,#1355,.F.);
#1056=ORIENTED_EDGE('',*,*,#1364,.T.);
#1057=ORIENTED_EDGE('',*,*,#1365,.F.);
#1058=ORIENTED_EDGE('',*,*,#1349,.T.);
#1059=ORIENTED_EDGE('',*,*,#1357,.F.);
#1060=ORIENTED_EDGE('',*,*,#1365,.T.);
#1061=EDGE_CURVE('',#1366,#1367,#1579,.T.);
#1062=EDGE_CURVE('',#1368,#1366,#227,.T.);
#1063=EDGE_CURVE('',#1369,#1368,#1580,.T.);
#1064=EDGE_CURVE('',#1369,#1367,#228,.T.);
#1065=EDGE_CURVE('',#1370,#1371,#229,.T.);
#1066=EDGE_CURVE('',#1371,#1372,#1581,.T.);
#1067=EDGE_CURVE('',#1373,#1372,#230,.T.);
#1068=EDGE_CURVE('',#1373,#1370,#1582,.T.);
#1069=EDGE_CURVE('',#1374,#1375,#88,.T.);
#1070=EDGE_CURVE('',#1376,#1375,#89,.F.);
#1071=EDGE_CURVE('',#1376,#1377,#90,.T.);
#1072=EDGE_CURVE('',#1378,#1377,#91,.F.);
#1073=EDGE_CURVE('',#1378,#1379,#92,.T.);
#1074=EDGE_CURVE('',#1380,#1379,#93,.F.);
#1075=EDGE_CURVE('',#1380,#1381,#94,.T.);
#1076=EDGE_CURVE('',#1374,#1381,#95,.F.);
#1077=EDGE_CURVE('',#1382,#1382,#96,.T.);
#1078=EDGE_CURVE('',#1383,#1384,#231,.T.);
#1079=EDGE_CURVE('',#1384,#1385,#1583,.T.);
#1080=EDGE_CURVE('',#1386,#1385,#232,.T.);
#1081=EDGE_CURVE('',#1383,#1386,#1584,.T.);
#1082=EDGE_CURVE('',#1387,#1388,#1585,.T.);
#1083=EDGE_CURVE('',#1389,#1387,#233,.T.);
#1084=EDGE_CURVE('',#1389,#1390,#1586,.T.);
#1085=EDGE_CURVE('',#1390,#1388,#234,.T.);
#1086=EDGE_CURVE('',#1391,#1369,#97,.T.);
#1087=EDGE_CURVE('',#1391,#1392,#235,.T.);
#1088=EDGE_CURVE('',#1392,#1367,#98,.T.);
#1089=EDGE_CURVE('',#1393,#1383,#99,.T.);
#1090=EDGE_CURVE('',#1393,#1394,#236,.T.);
#1091=EDGE_CURVE('',#1394,#1384,#100,.T.);
#1092=EDGE_CURVE('',#1373,#1395,#101,.T.);
#1093=EDGE_CURVE('',#1372,#1396,#102,.T.);
#1094=EDGE_CURVE('',#1395,#1396,#237,.T.);
#1095=EDGE_CURVE('',#1389,#1397,#103,.T.);
#1096=EDGE_CURVE('',#1387,#1398,#104,.T.);
#1097=EDGE_CURVE('',#1397,#1398,#238,.T.);
#1098=EDGE_CURVE('',#1399,#1399,#105,.T.);
#1099=EDGE_CURVE('',#1400,#1401,#106,.T.);
#1100=EDGE_CURVE('',#1400,#1402,#239,.T.);
#1101=EDGE_CURVE('',#1402,#1403,#107,.T.);
#1102=EDGE_CURVE('',#1401,#1403,#240,.T.);
#1103=EDGE_CURVE('',#1404,#1405,#108,.T.);
#1104=EDGE_CURVE('',#1404,#1406,#241,.T.);
#1105=EDGE_CURVE('',#1406,#1407,#109,.T.);
#1106=EDGE_CURVE('',#1405,#1407,#242,.T.);
#1107=EDGE_CURVE('',#1408,#1409,#243,.T.);
#1108=EDGE_CURVE('',#1410,#1408,#110,.T.);
#1109=EDGE_CURVE('',#1410,#1411,#244,.T.);
#1110=EDGE_CURVE('',#1411,#1409,#111,.T.);
#1111=EDGE_CURVE('',#1412,#1413,#245,.T.);
#1112=EDGE_CURVE('',#1414,#1412,#112,.T.);
#1113=EDGE_CURVE('',#1414,#1415,#246,.T.);
#1114=EDGE_CURVE('',#1415,#1413,#113,.T.);
#1115=EDGE_CURVE('',#1416,#1417,#247,.T.);
#1116=EDGE_CURVE('',#1418,#1416,#114,.T.);
#1117=EDGE_CURVE('',#1418,#1419,#248,.T.);
#1118=EDGE_CURVE('',#1419,#1417,#115,.T.);
#1119=EDGE_CURVE('',#1420,#1421,#249,.T.);
#1120=EDGE_CURVE('',#1422,#1420,#116,.T.);
#1121=EDGE_CURVE('',#1422,#1423,#250,.T.);
#1122=EDGE_CURVE('',#1423,#1421,#117,.T.);
#1123=EDGE_CURVE('',#1424,#1425,#251,.T.);
#1124=EDGE_CURVE('',#1426,#1424,#118,.T.);
#1125=EDGE_CURVE('',#1426,#1427,#252,.T.);
#1126=EDGE_CURVE('',#1427,#1425,#119,.T.);
#1127=EDGE_CURVE('',#1428,#1429,#253,.T.);
#1128=EDGE_CURVE('',#1430,#1428,#120,.T.);
#1129=EDGE_CURVE('',#1430,#1431,#254,.T.);
#1130=EDGE_CURVE('',#1431,#1429,#121,.T.);
#1131=EDGE_CURVE('',#1432,#1432,#122,.T.);
#1132=EDGE_CURVE('',#1386,#1433,#123,.T.);
#1133=EDGE_CURVE('',#1434,#1385,#124,.T.);
#1134=EDGE_CURVE('',#1433,#1434,#255,.T.);
#1135=EDGE_CURVE('',#1368,#1435,#125,.T.);
#1136=EDGE_CURVE('',#1436,#1366,#126,.T.);
#1137=EDGE_CURVE('',#1437,#1436,#256,.T.);
#1138=EDGE_CURVE('',#1437,#1438,#127,.T.);
#1139=EDGE_CURVE('',#1439,#1438,#257,.F.);
#1140=EDGE_CURVE('',#1440,#1439,#128,.T.);
#1141=EDGE_CURVE('',#1435,#1440,#258,.T.);
#1142=EDGE_CURVE('',#1394,#1441,#1587,.T.);
#1143=EDGE_CURVE('',#1441,#1442,#129,.T.);
#1144=EDGE_CURVE('',#1442,#1434,#1588,.T.);
#1145=EDGE_CURVE('',#1443,#1433,#1589,.T.);
#1146=EDGE_CURVE('',#1443,#1444,#130,.T.);
#1147=EDGE_CURVE('',#1393,#1444,#1590,.T.);
#1148=EDGE_CURVE('',#1440,#1392,#1591,.T.);
#1149=EDGE_CURVE('',#1436,#1439,#1592,.T.);
#1150=EDGE_CURVE('',#1391,#1435,#1593,.T.);
#1151=EDGE_CURVE('',#1445,#1396,#1594,.T.);
#1152=EDGE_CURVE('',#1446,#1445,#259,.T.);
#1153=EDGE_CURVE('',#1395,#1446,#1595,.T.);
#1154=EDGE_CURVE('',#1447,#1448,#260,.T.);
#1155=EDGE_CURVE('',#1448,#1402,#1596,.T.);
#1156=EDGE_CURVE('',#1400,#1447,#1597,.T.);
#1157=EDGE_CURVE('',#1398,#1449,#1598,.T.);
#1158=EDGE_CURVE('',#1450,#1449,#261,.T.);
#1159=EDGE_CURVE('',#1397,#1450,#1599,.T.);
#1160=EDGE_CURVE('',#1406,#1451,#1600,.T.);
#1161=EDGE_CURVE('',#1404,#1452,#1601,.T.);
#1162=EDGE_CURVE('',#1452,#1451,#262,.T.);
#1163=EDGE_CURVE('',#1450,#1390,#131,.T.);
#1164=EDGE_CURVE('',#1388,#1449,#132,.T.);
#1165=EDGE_CURVE('',#1446,#1370,#133,.T.);
#1166=EDGE_CURVE('',#1371,#1445,#134,.T.);
#1167=EDGE_CURVE('',#1453,#1409,#1602,.T.);
#1168=EDGE_CURVE('',#1454,#1453,#263,.T.);
#1169=EDGE_CURVE('',#1408,#1454,#1603,.T.);
#1170=EDGE_CURVE('',#1413,#1455,#1604,.T.);
#1171=EDGE_CURVE('',#1456,#1455,#264,.T.);
#1172=EDGE_CURVE('',#1412,#1456,#1605,.T.);
#1173=EDGE_CURVE('',#1444,#1441,#265,.T.);
#1174=EDGE_CURVE('',#1454,#1457,#135,.T.);
#1175=EDGE_CURVE('',#1458,#1453,#136,.T.);
#1176=EDGE_CURVE('',#1457,#1458,#266,.T.);
#1177=EDGE_CURVE('',#1456,#1459,#137,.T.);
#1178=EDGE_CURVE('',#1460,#1455,#138,.T.);
#1179=EDGE_CURVE('',#1459,#1460,#267,.T.);
#1180=EDGE_CURVE('',#1415,#1460,#1606,.T.);
#1181=EDGE_CURVE('',#1414,#1459,#1607,.T.);
#1182=EDGE_CURVE('',#1458,#1411,#1608,.T.);
#1183=EDGE_CURVE('',#1410,#1457,#1609,.T.);
#1184=EDGE_CURVE('',#1461,#1417,#1610,.T.);
#1185=EDGE_CURVE('',#1462,#1461,#268,.T.);
#1186=EDGE_CURVE('',#1416,#1462,#1611,.T.);
#1187=EDGE_CURVE('',#1421,#1463,#1612,.T.);
#1188=EDGE_CURVE('',#1464,#1463,#269,.T.);
#1189=EDGE_CURVE('',#1420,#1464,#1613,.T.);
#1190=EDGE_CURVE('',#1464,#1465,#139,.T.);
#1191=EDGE_CURVE('',#1466,#1463,#140,.T.);
#1192=EDGE_CURVE('',#1465,#1466,#270,.T.);
#1193=EDGE_CURVE('',#1462,#1467,#141,.T.);
#1194=EDGE_CURVE('',#1468,#1461,#142,.T.);
#1195=EDGE_CURVE('',#1467,#1468,#271,.T.);
#1196=EDGE_CURVE('',#1423,#1466,#1614,.T.);
#1197=EDGE_CURVE('',#1422,#1465,#1615,.T.);
#1198=EDGE_CURVE('',#1468,#1419,#1616,.T.);
#1199=EDGE_CURVE('',#1418,#1467,#1617,.T.);
#1200=EDGE_CURVE('',#1469,#1425,#1618,.T.);
#1201=EDGE_CURVE('',#1470,#1469,#272,.T.);
#1202=EDGE_CURVE('',#1424,#1470,#1619,.T.);
#1203=EDGE_CURVE('',#1429,#1471,#1620,.T.);
#1204=EDGE_CURVE('',#1472,#1471,#273,.T.);
#1205=EDGE_CURVE('',#1428,#1472,#1621,.T.);
#1206=EDGE_CURVE('',#1470,#1473,#143,.T.);
#1207=EDGE_CURVE('',#1474,#1469,#144,.T.);
#1208=EDGE_CURVE('',#1475,#1474,#274,.T.);
#1209=EDGE_CURVE('',#1475,#1476,#145,.T.);
#1210=EDGE_CURVE('',#1477,#1476,#275,.F.);
#1211=EDGE_CURVE('',#1478,#1477,#146,.T.);
#1212=EDGE_CURVE('',#1473,#1478,#276,.T.);
#1213=EDGE_CURVE('',#1472,#1479,#147,.T.);
#1214=EDGE_CURVE('',#1480,#1471,#148,.T.);
#1215=EDGE_CURVE('',#1479,#1480,#277,.T.);
#1216=EDGE_CURVE('',#1431,#1481,#1622,.T.);
#1217=EDGE_CURVE('',#1481,#1482,#149,.T.);
#1218=EDGE_CURVE('',#1482,#1480,#1623,.T.);
#1219=EDGE_CURVE('',#1483,#1479,#1624,.T.);
#1220=EDGE_CURVE('',#1483,#1484,#150,.T.);
#1221=EDGE_CURVE('',#1430,#1484,#1625,.T.);
#1222=EDGE_CURVE('',#1478,#1427,#1626,.T.);
#1223=EDGE_CURVE('',#1474,#1477,#1627,.T.);
#1224=EDGE_CURVE('',#1426,#1473,#1628,.T.);
#1225=EDGE_CURVE('',#1485,#1403,#1629,.T.);
#1226=EDGE_CURVE('',#1486,#1485,#278,.T.);
#1227=EDGE_CURVE('',#1401,#1486,#1630,.T.);
#1228=EDGE_CURVE('',#1407,#1487,#1631,.T.);
#1229=EDGE_CURVE('',#1488,#1487,#279,.T.);
#1230=EDGE_CURVE('',#1405,#1488,#1632,.T.);
#1231=EDGE_CURVE('',#1484,#1481,#280,.T.);
#1232=EDGE_CURVE('',#1488,#1452,#151,.T.);
#1233=EDGE_CURVE('',#1451,#1487,#152,.T.);
#1234=EDGE_CURVE('',#1486,#1447,#153,.T.);
#1235=EDGE_CURVE('',#1448,#1485,#154,.T.);
#1236=EDGE_CURVE('',#1489,#1489,#155,.T.);
#1237=EDGE_CURVE('',#1490,#1491,#156,.T.);
#1238=EDGE_CURVE('',#1490,#1492,#281,.T.);
#1239=EDGE_CURVE('',#1493,#1492,#157,.T.);
#1240=EDGE_CURVE('',#1494,#1493,#282,.T.);
#1241=EDGE_CURVE('',#1495,#1494,#158,.T.);
#1242=EDGE_CURVE('',#1495,#1496,#283,.T.);
#1243=EDGE_CURVE('',#1497,#1496,#159,.T.);
#1244=EDGE_CURVE('',#1498,#1497,#284,.T.);
#1245=EDGE_CURVE('',#1499,#1498,#160,.T.);
#1246=EDGE_CURVE('',#1499,#1500,#285,.T.);
#1247=EDGE_CURVE('',#1501,#1500,#161,.T.);
#1248=EDGE_CURVE('',#1502,#1501,#286,.T.);
#1249=EDGE_CURVE('',#1503,#1502,#162,.T.);
#1250=EDGE_CURVE('',#1503,#1504,#287,.T.);
#1251=EDGE_CURVE('',#1505,#1504,#163,.T.);
#1252=EDGE_CURVE('',#1491,#1505,#288,.T.);
#1253=EDGE_CURVE('',#1375,#1506,#289,.T.);
#1254=EDGE_CURVE('',#1507,#1374,#290,.F.);
#1255=EDGE_CURVE('',#1506,#1507,#164,.T.);
#1256=EDGE_CURVE('',#1508,#1376,#291,.F.);
#1257=EDGE_CURVE('',#1509,#1508,#165,.T.);
#1258=EDGE_CURVE('',#1377,#1509,#292,.T.);
#1259=EDGE_CURVE('',#1381,#1510,#293,.T.);
#1260=EDGE_CURVE('',#1511,#1380,#294,.F.);
#1261=EDGE_CURVE('',#1510,#1511,#166,.T.);
#1262=EDGE_CURVE('',#1379,#1512,#295,.T.);
#1263=EDGE_CURVE('',#1513,#1378,#296,.F.);
#1264=EDGE_CURVE('',#1512,#1513,#167,.T.);
#1265=EDGE_CURVE('',#1442,#1443,#297,.F.);
#1266=EDGE_CURVE('',#1482,#1483,#298,.F.);
#1267=EDGE_CURVE('',#1514,#1514,#168,.T.);
#1268=EDGE_CURVE('',#1504,#1515,#299,.T.);
#1269=EDGE_CURVE('',#1516,#1515,#169,.T.);
#1270=EDGE_CURVE('',#1517,#1516,#170,.F.);
#1271=EDGE_CURVE('',#1518,#1517,#171,.T.);
#1272=EDGE_CURVE('',#1501,#1518,#300,.T.);
#1273=EDGE_CURVE('',#1500,#1519,#301,.T.);
#1274=EDGE_CURVE('',#1520,#1519,#172,.T.);
#1275=EDGE_CURVE('',#1521,#1520,#173,.T.);
#1276=EDGE_CURVE('',#1522,#1521,#174,.T.);
#1277=EDGE_CURVE('',#1497,#1522,#302,.T.);
#1278=EDGE_CURVE('',#1496,#1523,#303,.T.);
#1279=EDGE_CURVE('',#1524,#1523,#175,.T.);
#1280=EDGE_CURVE('',#1525,#1524,#176,.F.);
#1281=EDGE_CURVE('',#1526,#1525,#177,.T.);
#1282=EDGE_CURVE('',#1493,#1526,#304,.T.);
#1283=EDGE_CURVE('',#1492,#1527,#305,.T.);
#1284=EDGE_CURVE('',#1528,#1527,#178,.T.);
#1285=EDGE_CURVE('',#1529,#1528,#179,.F.);
#1286=EDGE_CURVE('',#1530,#1529,#180,.T.);
#1287=EDGE_CURVE('',#1505,#1530,#306,.T.);
#1288=EDGE_CURVE('',#1531,#1531,#181,.T.);
#1289=EDGE_CURVE('',#1508,#1506,#182,.F.);
#1290=EDGE_CURVE('',#1507,#1510,#183,.F.);
#1291=EDGE_CURVE('',#1511,#1512,#184,.F.);
#1292=EDGE_CURVE('',#1513,#1509,#185,.F.);
#1293=EDGE_CURVE('',#1532,#1532,#186,.T.);
#1294=EDGE_CURVE('',#1533,#1533,#187,.T.);
#1295=EDGE_CURVE('',#1534,#1534,#188,.T.);
#1296=EDGE_CURVE('',#1475,#1476,#189,.T.);
#1297=EDGE_CURVE('',#1437,#1438,#190,.T.);
#1298=EDGE_CURVE('',#1535,#1535,#191,.T.);
#1299=EDGE_CURVE('',#1499,#1536,#307,.T.);
#1300=EDGE_CURVE('',#1498,#1537,#308,.T.);
#1301=EDGE_CURVE('',#1537,#1538,#192,.T.);
#1302=EDGE_CURVE('',#1538,#1539,#309,.T.);
#1303=EDGE_CURVE('',#1539,#1540,#193,.T.);
#1304=EDGE_CURVE('',#1540,#1541,#194,.T.);
#1305=EDGE_CURVE('',#1495,#1541,#310,.T.);
#1306=EDGE_CURVE('',#1494,#1542,#311,.T.);
#1307=EDGE_CURVE('',#1542,#1543,#195,.T.);
#1308=EDGE_CURVE('',#1543,#1544,#196,.T.);
#1309=EDGE_CURVE('',#1544,#1545,#197,.T.);
#1310=EDGE_CURVE('',#1490,#1545,#312,.T.);
#1311=EDGE_CURVE('',#1491,#1546,#313,.T.);
#1312=EDGE_CURVE('',#1546,#1547,#198,.T.);
#1313=EDGE_CURVE('',#1547,#1548,#199,.T.);
#1314=EDGE_CURVE('',#1548,#1549,#200,.T.);
#1315=EDGE_CURVE('',#1503,#1549,#314,.T.);
#1316=EDGE_CURVE('',#1502,#1550,#315,.T.);
#1317=EDGE_CURVE('',#1550,#1551,#201,.T.);
#1318=EDGE_CURVE('',#1551,#1552,#202,.T.);
#1319=EDGE_CURVE('',#1552,#1553,#316,.T.);
#1320=EDGE_CURVE('',#1553,#1536,#203,.T.);
#1321=EDGE_CURVE('',#1547,#1529,#317,.T.);
#1322=EDGE_CURVE('',#1546,#1530,#318,.T.);
#1323=EDGE_CURVE('',#1528,#1544,#319,.F.);
#1324=EDGE_CURVE('',#1545,#1527,#320,.T.);
#1325=EDGE_CURVE('',#1543,#1525,#321,.T.);
#1326=EDGE_CURVE('',#1524,#1540,#322,.F.);
#1327=EDGE_CURVE('',#1539,#1554,#323,.T.);
#1328=EDGE_CURVE('',#1554,#1555,#204,.T.);
#1329=EDGE_CURVE('',#1552,#1555,#324,.T.);
#1330=EDGE_CURVE('',#1551,#1517,#325,.T.);
#1331=EDGE_CURVE('',#1516,#1548,#326,.F.);
#1332=EDGE_CURVE('',#1542,#1526,#327,.T.);
#1333=EDGE_CURVE('',#1541,#1523,#328,.T.);
#1334=EDGE_CURVE('',#1538,#1521,#329,.T.);
#1335=EDGE_CURVE('',#1537,#1522,#330,.T.);
#1336=EDGE_CURVE('',#1553,#1520,#331,.T.);
#1337=EDGE_CURVE('',#1536,#1519,#332,.T.);
#1338=EDGE_CURVE('',#1550,#1518,#333,.T.);
#1339=EDGE_CURVE('',#1549,#1515,#334,.T.);
#1340=EDGE_CURVE('',#1521,#1556,#335,.T.);
#1341=EDGE_CURVE('',#1520,#1557,#336,.T.);
#1342=EDGE_CURVE('',#1556,#1557,#205,.T.);
#1343=EDGE_CURVE('',#1556,#1554,#337,.T.);
#1344=EDGE_CURVE('',#1555,#1557,#338,.T.);
#1345=EDGE_CURVE('',#1558,#1558,#206,.T.);
#1346=EDGE_CURVE('',#1559,#1559,#207,.T.);
#1347=EDGE_CURVE('',#1560,#1560,#208,.T.);
#1348=EDGE_CURVE('',#1561,#1561,#209,.T.);
#1349=EDGE_CURVE('',#1562,#1562,#210,.T.);
#1350=EDGE_CURVE('',#1563,#1563,#211,.F.);
#1351=EDGE_CURVE('',#1564,#1564,#212,.T.);
#1352=EDGE_CURVE('',#1565,#1565,#213,.T.);
#1353=EDGE_CURVE('',#1566,#1566,#214,.T.);
#1354=EDGE_CURVE('',#1567,#1567,#215,.T.);
#1355=EDGE_CURVE('',#1568,#1568,#216,.T.);
#1356=EDGE_CURVE('',#1569,#1569,#217,.T.);
#1357=EDGE_CURVE('',#1570,#1570,#218,.T.);
#1358=EDGE_CURVE('',#1571,#1571,#219,.T.);
#1359=EDGE_CURVE('',#1572,#1572,#220,.T.);
#1360=EDGE_CURVE('',#1573,#1573,#221,.T.);
#1361=EDGE_CURVE('',#1574,#1574,#222,.T.);
#1362=EDGE_CURVE('',#1575,#1575,#223,.T.);
#1363=EDGE_CURVE('',#1576,#1576,#224,.T.);
#1364=EDGE_CURVE('',#1577,#1577,#225,.T.);
#1365=EDGE_CURVE('',#1578,#1578,#226,.T.);
#1366=VERTEX_POINT('',#3094);
#1367=VERTEX_POINT('',#3095);
#1368=VERTEX_POINT('',#3097);
#1369=VERTEX_POINT('',#3102);
#1370=VERTEX_POINT('',#3106);
#1371=VERTEX_POINT('',#3107);
#1372=VERTEX_POINT('',#3112);
#1373=VERTEX_POINT('',#3114);
#1374=VERTEX_POINT('',#3121);
#1375=VERTEX_POINT('',#3122);
#1376=VERTEX_POINT('',#3124);
#1377=VERTEX_POINT('',#3126);
#1378=VERTEX_POINT('',#3128);
#1379=VERTEX_POINT('',#3130);
#1380=VERTEX_POINT('',#3132);
#1381=VERTEX_POINT('',#3134);
#1382=VERTEX_POINT('',#3137);
#1383=VERTEX_POINT('',#3140);
#1384=VERTEX_POINT('',#3141);
#1385=VERTEX_POINT('',#3146);
#1386=VERTEX_POINT('',#3148);
#1387=VERTEX_POINT('',#3158);
#1388=VERTEX_POINT('',#3159);
#1389=VERTEX_POINT('',#3161);
#1390=VERTEX_POINT('',#3166);
#1391=VERTEX_POINT('',#3170);
#1392=VERTEX_POINT('',#3172);
#1393=VERTEX_POINT('',#3175);
#1394=VERTEX_POINT('',#3177);
#1395=VERTEX_POINT('',#3180);
#1396=VERTEX_POINT('',#3182);
#1397=VERTEX_POINT('',#3185);
#1398=VERTEX_POINT('',#3187);
#1399=VERTEX_POINT('',#3190);
#1400=VERTEX_POINT('',#3192);
#1401=VERTEX_POINT('',#3193);
#1402=VERTEX_POINT('',#3195);
#1403=VERTEX_POINT('',#3197);
#1404=VERTEX_POINT('',#3200);
#1405=VERTEX_POINT('',#3201);
#1406=VERTEX_POINT('',#3203);
#1407=VERTEX_POINT('',#3205);
#1408=VERTEX_POINT('',#3208);
#1409=VERTEX_POINT('',#3209);
#1410=VERTEX_POINT('',#3211);
#1411=VERTEX_POINT('',#3213);
#1412=VERTEX_POINT('',#3216);
#1413=VERTEX_POINT('',#3217);
#1414=VERTEX_POINT('',#3219);
#1415=VERTEX_POINT('',#3221);
#1416=VERTEX_POINT('',#3224);
#1417=VERTEX_POINT('',#3225);
#1418=VERTEX_POINT('',#3227);
#1419=VERTEX_POINT('',#3229);
#1420=VERTEX_POINT('',#3232);
#1421=VERTEX_POINT('',#3233);
#1422=VERTEX_POINT('',#3235);
#1423=VERTEX_POINT('',#3237);
#1424=VERTEX_POINT('',#3240);
#1425=VERTEX_POINT('',#3241);
#1426=VERTEX_POINT('',#3243);
#1427=VERTEX_POINT('',#3245);
#1428=VERTEX_POINT('',#3248);
#1429=VERTEX_POINT('',#3249);
#1430=VERTEX_POINT('',#3251);
#1431=VERTEX_POINT('',#3253);
#1432=VERTEX_POINT('',#3257);
#1433=VERTEX_POINT('',#3260);
#1434=VERTEX_POINT('',#3262);
#1435=VERTEX_POINT('',#3266);
#1436=VERTEX_POINT('',#3268);
#1437=VERTEX_POINT('',#3270);
#1438=VERTEX_POINT('',#3272);
#1439=VERTEX_POINT('',#3274);
#1440=VERTEX_POINT('',#3276);
#1441=VERTEX_POINT('',#3283);
#1442=VERTEX_POINT('',#3285);
#1443=VERTEX_POINT('',#3297);
#1444=VERTEX_POINT('',#3299);
#1445=VERTEX_POINT('',#3324);
#1446=VERTEX_POINT('',#3326);
#1447=VERTEX_POINT('',#3333);
#1448=VERTEX_POINT('',#3334);
#1449=VERTEX_POINT('',#3348);
#1450=VERTEX_POINT('',#3350);
#1451=VERTEX_POINT('',#3360);
#1452=VERTEX_POINT('',#3365);
#1453=VERTEX_POINT('',#3382);
#1454=VERTEX_POINT('',#3384);
#1455=VERTEX_POINT('',#3395);
#1456=VERTEX_POINT('',#3397);
#1457=VERTEX_POINT('',#3406);
#1458=VERTEX_POINT('',#3408);
#1459=VERTEX_POINT('',#3412);
#1460=VERTEX_POINT('',#3414);
#1461=VERTEX_POINT('',#3441);
#1462=VERTEX_POINT('',#3443);
#1463=VERTEX_POINT('',#3454);
#1464=VERTEX_POINT('',#3456);
#1465=VERTEX_POINT('',#3464);
#1466=VERTEX_POINT('',#3466);
#1467=VERTEX_POINT('',#3470);
#1468=VERTEX_POINT('',#3472);
#1469=VERTEX_POINT('',#3499);
#1470=VERTEX_POINT('',#3501);
#1471=VERTEX_POINT('',#3512);
#1472=VERTEX_POINT('',#3514);
#1473=VERTEX_POINT('',#3522);
#1474=VERTEX_POINT('',#3524);
#1475=VERTEX_POINT('',#3526);
#1476=VERTEX_POINT('',#3528);
#1477=VERTEX_POINT('',#3530);
#1478=VERTEX_POINT('',#3532);
#1479=VERTEX_POINT('',#3536);
#1480=VERTEX_POINT('',#3538);
#1481=VERTEX_POINT('',#3545);
#1482=VERTEX_POINT('',#3547);
#1483=VERTEX_POINT('',#3559);
#1484=VERTEX_POINT('',#3561);
#1485=VERTEX_POINT('',#3586);
#1486=VERTEX_POINT('',#3588);
#1487=VERTEX_POINT('',#3599);
#1488=VERTEX_POINT('',#3601);
#1489=VERTEX_POINT('',#3620);
#1490=VERTEX_POINT('',#3622);
#1491=VERTEX_POINT('',#3623);
#1492=VERTEX_POINT('',#3625);
#1493=VERTEX_POINT('',#3627);
#1494=VERTEX_POINT('',#3629);
#1495=VERTEX_POINT('',#3631);
#1496=VERTEX_POINT('',#3633);
#1497=VERTEX_POINT('',#3635);
#1498=VERTEX_POINT('',#3637);
#1499=VERTEX_POINT('',#3639);
#1500=VERTEX_POINT('',#3641);
#1501=VERTEX_POINT('',#3643);
#1502=VERTEX_POINT('',#3645);
#1503=VERTEX_POINT('',#3647);
#1504=VERTEX_POINT('',#3649);
#1505=VERTEX_POINT('',#3651);
#1506=VERTEX_POINT('',#3655);
#1507=VERTEX_POINT('',#3657);
#1508=VERTEX_POINT('',#3661);
#1509=VERTEX_POINT('',#3663);
#1510=VERTEX_POINT('',#3667);
#1511=VERTEX_POINT('',#3669);
#1512=VERTEX_POINT('',#3673);
#1513=VERTEX_POINT('',#3675);
#1514=VERTEX_POINT('',#3683);
#1515=VERTEX_POINT('',#3686);
#1516=VERTEX_POINT('',#3688);
#1517=VERTEX_POINT('',#3690);
#1518=VERTEX_POINT('',#3692);
#1519=VERTEX_POINT('',#3695);
#1520=VERTEX_POINT('',#3697);
#1521=VERTEX_POINT('',#3699);
#1522=VERTEX_POINT('',#3701);
#1523=VERTEX_POINT('',#3704);
#1524=VERTEX_POINT('',#3706);
#1525=VERTEX_POINT('',#3708);
#1526=VERTEX_POINT('',#3710);
#1527=VERTEX_POINT('',#3713);
#1528=VERTEX_POINT('',#3715);
#1529=VERTEX_POINT('',#3717);
#1530=VERTEX_POINT('',#3719);
#1531=VERTEX_POINT('',#3722);
#1532=VERTEX_POINT('',#3729);
#1533=VERTEX_POINT('',#3733);
#1534=VERTEX_POINT('',#3736);
#1535=VERTEX_POINT('',#3752);
#1536=VERTEX_POINT('',#3754);
#1537=VERTEX_POINT('',#3756);
#1538=VERTEX_POINT('',#3758);
#1539=VERTEX_POINT('',#3760);
#1540=VERTEX_POINT('',#3762);
#1541=VERTEX_POINT('',#3764);
#1542=VERTEX_POINT('',#3767);
#1543=VERTEX_POINT('',#3769);
#1544=VERTEX_POINT('',#3771);
#1545=VERTEX_POINT('',#3773);
#1546=VERTEX_POINT('',#3776);
#1547=VERTEX_POINT('',#3778);
#1548=VERTEX_POINT('',#3780);
#1549=VERTEX_POINT('',#3782);
#1550=VERTEX_POINT('',#3785);
#1551=VERTEX_POINT('',#3787);
#1552=VERTEX_POINT('',#3789);
#1553=VERTEX_POINT('',#3791);
#1554=VERTEX_POINT('',#3805);
#1555=VERTEX_POINT('',#3807);
#1556=VERTEX_POINT('',#3833);
#1557=VERTEX_POINT('',#3835);
#1558=VERTEX_POINT('',#3843);
#1559=VERTEX_POINT('',#3846);
#1560=VERTEX_POINT('',#3848);
#1561=VERTEX_POINT('',#3850);
#1562=VERTEX_POINT('',#3852);
#1563=VERTEX_POINT('',#3855);
#1564=VERTEX_POINT('',#3858);
#1565=VERTEX_POINT('',#3861);
#1566=VERTEX_POINT('',#3863);
#1567=VERTEX_POINT('',#3866);
#1568=VERTEX_POINT('',#3868);
#1569=VERTEX_POINT('',#3871);
#1570=VERTEX_POINT('',#3873);
#1571=VERTEX_POINT('',#3876);
#1572=VERTEX_POINT('',#3878);
#1573=VERTEX_POINT('',#3881);
#1574=VERTEX_POINT('',#3884);
#1575=VERTEX_POINT('',#3888);
#1576=VERTEX_POINT('',#3892);
#1577=VERTEX_POINT('',#3896);
#1578=VERTEX_POINT('',#3900);
#1579=B_SPLINE_CURVE_WITH_KNOTS('',3,(#3090,#3091,#3092,#3093),
 .UNSPECIFIED.,.F.,.F.,(4,4),(4.58963340341767E-7,0.00224887585248557),
 .UNSPECIFIED.);
#1580=B_SPLINE_CURVE_WITH_KNOTS('',3,(#3098,#3099,#3100,#3101),
 .UNSPECIFIED.,.F.,.F.,(4,4),(2.43953947540576E-7,0.00224866084309276),
 .UNSPECIFIED.);
#1581=B_SPLINE_CURVE_WITH_KNOTS('',3,(#3108,#3109,#3110,#3111),
 .UNSPECIFIED.,.F.,.F.,(4,4),(4.5896334071578E-7,0.00224887585248571),
 .UNSPECIFIED.);
#1582=B_SPLINE_CURVE_WITH_KNOTS('',3,(#3115,#3116,#3117,#3118),
 .UNSPECIFIED.,.F.,.F.,(4,4),(2.25966124399873E-7,0.00224864285526939),
 .UNSPECIFIED.);
#1583=B_SPLINE_CURVE_WITH_KNOTS('',3,(#3142,#3143,#3144,#3145),
 .UNSPECIFIED.,.F.,.F.,(4,4),(2.43953947547627E-7,0.00224866084309276),
 .UNSPECIFIED.);
#1584=B_SPLINE_CURVE_WITH_KNOTS('',3,(#3149,#3150,#3151,#3152),
 .UNSPECIFIED.,.F.,.F.,(4,4),(2.43953947551256E-7,0.00224866084309278),
 .UNSPECIFIED.);
#1585=B_SPLINE_CURVE_WITH_KNOTS('',3,(#3154,#3155,#3156,#3157),
 .UNSPECIFIED.,.F.,.F.,(4,4),(2.25966124400259E-7,0.00224864285526939),
 .UNSPECIFIED.);
#1586=B_SPLINE_CURVE_WITH_KNOTS('',3,(#3162,#3163,#3164,#3165),
 .UNSPECIFIED.,.F.,.F.,(4,4),(2.25966124403915E-7,0.0022486428552694),
 .UNSPECIFIED.);
#1587=B_SPLINE_CURVE_WITH_KNOTS('',3,(#3279,#3280,#3281,#3282),
 .UNSPECIFIED.,.F.,.F.,(4,4),(2.43953947547241E-7,0.00224866084309275),
 .UNSPECIFIED.);
#1588=B_SPLINE_CURVE_WITH_KNOTS('',3,(#3286,#3287,#3288,#3289,#3290),
 .UNSPECIFIED.,.F.,.F.,(4,1,4),(6.2574772729734E-7,0.000995445437095099,
0.0019902651264629),.UNSPECIFIED.);
#1589=B_SPLINE_CURVE_WITH_KNOTS('',3,(#3292,#3293,#3294,#3295,#3296),
 .UNSPECIFIED.,.F.,.F.,(4,1,4),(6.25747727292117E-7,0.000995445437095104,
0.00199026512646292),.UNSPECIFIED.);
#1590=B_SPLINE_CURVE_WITH_KNOTS('',3,(#3300,#3301,#3302,#3303),
 .UNSPECIFIED.,.F.,.F.,(4,4),(2.43953947542005E-7,0.00224866084309273),
 .UNSPECIFIED.);
#1591=B_SPLINE_CURVE_WITH_KNOTS('',3,(#3305,#3306,#3307,#3308),
 .UNSPECIFIED.,.F.,.F.,(4,4),(4.58963340341767E-7,0.00224887585248554),
 .UNSPECIFIED.);
#1592=B_SPLINE_CURVE_WITH_KNOTS('',3,(#3309,#3310,#3311,#3312,#3313),
 .UNSPECIFIED.,.F.,.F.,(4,1,4),(6.25747727288422E-7,0.000995445437095096,
0.0019902651264629),.UNSPECIFIED.);
#1593=B_SPLINE_CURVE_WITH_KNOTS('',3,(#3315,#3316,#3317,#3318),
 .UNSPECIFIED.,.F.,.F.,(4,4),(2.43953947539148E-7,0.00224866084309274),
 .UNSPECIFIED.);
#1594=B_SPLINE_CURVE_WITH_KNOTS('',3,(#3320,#3321,#3322,#3323),
 .UNSPECIFIED.,.F.,.F.,(4,4),(4.58963339644647E-7,0.00224887585248503),
 .UNSPECIFIED.);
#1595=B_SPLINE_CURVE_WITH_KNOTS('',3,(#3327,#3328,#3329,#3330),
 .UNSPECIFIED.,.F.,.F.,(4,4),(2.80429731056831E-7,0.00224869731887644),
 .UNSPECIFIED.);
#1596=B_SPLINE_CURVE_WITH_KNOTS('',3,(#3335,#3336,#3337,#3338),
 .UNSPECIFIED.,.F.,.F.,(4,4),(4.58963339644647E-7,0.00224887585248503),
 .UNSPECIFIED.);
#1597=B_SPLINE_CURVE_WITH_KNOTS('',3,(#3339,#3340,#3341,#3342),
 .UNSPECIFIED.,.F.,.F.,(4,4),(2.80429731060832E-7,0.00224869731887644),
 .UNSPECIFIED.);
#1598=B_SPLINE_CURVE_WITH_KNOTS('',3,(#3344,#3345,#3346,#3347),
 .UNSPECIFIED.,.F.,.F.,(4,4),(2.80429731041204E-7,0.00224869731887643),
 .UNSPECIFIED.);
#1599=B_SPLINE_CURVE_WITH_KNOTS('',3,(#3351,#3352,#3353,#3354),
 .UNSPECIFIED.,.F.,.F.,(4,4),(2.80429731045626E-7,0.00224869731887644),
 .UNSPECIFIED.);
#1600=B_SPLINE_CURVE_WITH_KNOTS('',3,(#3356,#3357,#3358,#3359),
 .UNSPECIFIED.,.F.,.F.,(4,4),(2.80429731046362E-7,0.00224869731887644),
 .UNSPECIFIED.);
#1601=B_SPLINE_CURVE_WITH_KNOTS('',3,(#3361,#3362,#3363,#3364),
 .UNSPECIFIED.,.F.,.F.,(4,4),(2.80429731051287E-7,0.00224869731887644),
 .UNSPECIFIED.);
#1602=B_SPLINE_CURVE_WITH_KNOTS('',3,(#3378,#3379,#3380,#3381),
 .UNSPECIFIED.,.F.,.F.,(4,4),(4.58963340676842E-7,0.00224887585248571),
 .UNSPECIFIED.);
#1603=B_SPLINE_CURVE_WITH_KNOTS('',3,(#3385,#3386,#3387,#3388),
 .UNSPECIFIED.,.F.,.F.,(4,4),(2.25966124396788E-7,0.00224864285526943),
 .UNSPECIFIED.);
#1604=B_SPLINE_CURVE_WITH_KNOTS('',3,(#3391,#3392,#3393,#3394),
 .UNSPECIFIED.,.F.,.F.,(4,4),(2.25966124396016E-7,0.00224864285526943),
 .UNSPECIFIED.);
#1605=B_SPLINE_CURVE_WITH_KNOTS('',3,(#3398,#3399,#3400,#3401),
 .UNSPECIFIED.,.F.,.F.,(4,4),(2.25966124399873E-7,0.00224864285526944),
 .UNSPECIFIED.);
#1606=B_SPLINE_CURVE_WITH_KNOTS('',3,(#3417,#3418,#3419,#3420),
 .UNSPECIFIED.,.F.,.F.,(4,4),(2.80429731046362E-7,0.00224869731887643),
 .UNSPECIFIED.);
#1607=B_SPLINE_CURVE_WITH_KNOTS('',3,(#3422,#3423,#3424,#3425),
 .UNSPECIFIED.,.F.,.F.,(4,4),(2.80429731051287E-7,0.00224869731887644),
 .UNSPECIFIED.);
#1608=B_SPLINE_CURVE_WITH_KNOTS('',3,(#3427,#3428,#3429,#3430),
 .UNSPECIFIED.,.F.,.F.,(4,4),(4.58963339644647E-7,0.00224887585248503),
 .UNSPECIFIED.);
#1609=B_SPLINE_CURVE_WITH_KNOTS('',3,(#3432,#3433,#3434,#3435),
 .UNSPECIFIED.,.F.,.F.,(4,4),(2.80429731060832E-7,0.00224869731887644),
 .UNSPECIFIED.);
#1610=B_SPLINE_CURVE_WITH_KNOTS('',3,(#3437,#3438,#3439,#3440),
 .UNSPECIFIED.,.F.,.F.,(4,4),(4.58963339644647E-7,0.00224887585248503),
 .UNSPECIFIED.);
#1611=B_SPLINE_CURVE_WITH_KNOTS('',3,(#3444,#3445,#3446,#3447),
 .UNSPECIFIED.,.F.,.F.,(4,4),(2.80429731056831E-7,0.00224869731887644),
 .UNSPECIFIED.);
#1612=B_SPLINE_CURVE_WITH_KNOTS('',3,(#3450,#3451,#3452,#3453),
 .UNSPECIFIED.,.F.,.F.,(4,4),(2.80429731041204E-7,0.00224869731887643),
 .UNSPECIFIED.);
#1613=B_SPLINE_CURVE_WITH_KNOTS('',3,(#3457,#3458,#3459,#3460),
 .UNSPECIFIED.,.F.,.F.,(4,4),(2.80429731045626E-7,0.00224869731887644),
 .UNSPECIFIED.);
#1614=B_SPLINE_CURVE_WITH_KNOTS('',3,(#3475,#3476,#3477,#3478),
 .UNSPECIFIED.,.F.,.F.,(4,4),(2.25966124400259E-7,0.00224864285526943),
 .UNSPECIFIED.);
#1615=B_SPLINE_CURVE_WITH_KNOTS('',3,(#3480,#3481,#3482,#3483),
 .UNSPECIFIED.,.F.,.F.,(4,4),(2.25966124396016E-7,0.00224864285526943),
 .UNSPECIFIED.);
#1616=B_SPLINE_CURVE_WITH_KNOTS('',3,(#3485,#3486,#3487,#3488),
 .UNSPECIFIED.,.F.,.F.,(4,4),(4.58963340676656E-7,0.00224887585248571),
 .UNSPECIFIED.);
#1617=B_SPLINE_CURVE_WITH_KNOTS('',3,(#3490,#3491,#3492,#3493),
 .UNSPECIFIED.,.F.,.F.,(4,4),(2.25966124399873E-7,0.00224864285526943),
 .UNSPECIFIED.);
#1618=B_SPLINE_CURVE_WITH_KNOTS('',3,(#3495,#3496,#3497,#3498),
 .UNSPECIFIED.,.F.,.F.,(4,4),(4.58963340351018E-7,0.00224887585248554),
 .UNSPECIFIED.);
#1619=B_SPLINE_CURVE_WITH_KNOTS('',3,(#3502,#3503,#3504,#3505),
 .UNSPECIFIED.,.F.,.F.,(4,4),(2.43953947539148E-7,0.00224866084309273),
 .UNSPECIFIED.);
#1620=B_SPLINE_CURVE_WITH_KNOTS('',3,(#3508,#3509,#3510,#3511),
 .UNSPECIFIED.,.F.,.F.,(4,4),(2.43953947547241E-7,0.00224866084309273),
 .UNSPECIFIED.);
#1621=B_SPLINE_CURVE_WITH_KNOTS('',3,(#3515,#3516,#3517,#3518),
 .UNSPECIFIED.,.F.,.F.,(4,4),(2.43953947551256E-7,0.00224866084309274),
 .UNSPECIFIED.);
#1622=B_SPLINE_CURVE_WITH_KNOTS('',3,(#3541,#3542,#3543,#3544),
 .UNSPECIFIED.,.F.,.F.,(4,4),(2.43953947547241E-7,0.00224866084309273),
 .UNSPECIFIED.);
#1623=B_SPLINE_CURVE_WITH_KNOTS('',3,(#3548,#3549,#3550,#3551,#3552),
 .UNSPECIFIED.,.F.,.F.,(4,1,4),(6.25747727289884E-7,0.000995445437095093,
0.0019902651264629),.UNSPECIFIED.);
#1624=B_SPLINE_CURVE_WITH_KNOTS('',3,(#3554,#3555,#3556,#3557,#3558),
 .UNSPECIFIED.,.F.,.F.,(4,1,4),(6.25747727287459E-7,0.000995445437095102,
0.00199026512646292),.UNSPECIFIED.);
#1625=B_SPLINE_CURVE_WITH_KNOTS('',3,(#3562,#3563,#3564,#3565),
 .UNSPECIFIED.,.F.,.F.,(4,4),(2.43953947542005E-7,0.00224866084309273),
 .UNSPECIFIED.);
#1626=B_SPLINE_CURVE_WITH_KNOTS('',3,(#3567,#3568,#3569,#3570),
 .UNSPECIFIED.,.F.,.F.,(4,4),(4.58963340333288E-7,0.00224887585248553),
 .UNSPECIFIED.);
#1627=B_SPLINE_CURVE_WITH_KNOTS('',3,(#3571,#3572,#3573,#3574,#3575),
 .UNSPECIFIED.,.F.,.F.,(4,1,4),(6.2574772730597E-7,0.000995445437095111,
0.00199026512646292),.UNSPECIFIED.);
#1628=B_SPLINE_CURVE_WITH_KNOTS('',3,(#3577,#3578,#3579,#3580),
 .UNSPECIFIED.,.F.,.F.,(4,4),(2.43953947539148E-7,0.00224866084309273),
 .UNSPECIFIED.);
#1629=B_SPLINE_CURVE_WITH_KNOTS('',3,(#3582,#3583,#3584,#3585),
 .UNSPECIFIED.,.F.,.F.,(4,4),(4.58963340676656E-7,0.00224887585248571),
 .UNSPECIFIED.);
#1630=B_SPLINE_CURVE_WITH_KNOTS('',3,(#3589,#3590,#3591,#3592),
 .UNSPECIFIED.,.F.,.F.,(4,4),(2.25966124396788E-7,0.00224864285526943),
 .UNSPECIFIED.);
#1631=B_SPLINE_CURVE_WITH_KNOTS('',3,(#3595,#3596,#3597,#3598),
 .UNSPECIFIED.,.F.,.F.,(4,4),(2.25966124396402E-7,0.00224864285526943),
 .UNSPECIFIED.);
#1632=B_SPLINE_CURVE_WITH_KNOTS('',3,(#3602,#3603,#3604,#3605),
 .UNSPECIFIED.,.F.,.F.,(4,4),(2.25966124400644E-7,0.00224864285526944),
 .UNSPECIFIED.);
#1633=EDGE_LOOP('',(#451,#452,#453,#454));
#1634=EDGE_LOOP('',(#455,#456,#457,#458));
#1635=EDGE_LOOP('',(#459,#460,#461,#462,#463,#464,#465,#466));
#1636=EDGE_LOOP('',(#467));
#1637=EDGE_LOOP('',(#468,#469,#470,#471));
#1638=EDGE_LOOP('',(#472,#473,#474,#475));
#1639=EDGE_LOOP('',(#476,#477,#478,#479));
#1640=EDGE_LOOP('',(#480,#481,#482,#483));
#1641=EDGE_LOOP('',(#484));
#1642=EDGE_LOOP('',(#485,#486,#487,#488));
#1643=EDGE_LOOP('',(#489,#490,#491,#492));
#1644=EDGE_LOOP('',(#493));
#1645=EDGE_LOOP('',(#494,#495,#496,#497));
#1646=EDGE_LOOP('',(#498,#499,#500,#501));
#1647=EDGE_LOOP('',(#502,#503,#504,#505));
#1648=EDGE_LOOP('',(#506,#507,#508,#509));
#1649=EDGE_LOOP('',(#510,#511,#512,#513));
#1650=EDGE_LOOP('',(#514,#515,#516,#517));
#1651=EDGE_LOOP('',(#518,#519,#520,#521));
#1652=EDGE_LOOP('',(#522,#523,#524,#525));
#1653=EDGE_LOOP('',(#526));
#1654=EDGE_LOOP('',(#527));
#1655=EDGE_LOOP('',(#528,#529,#530,#531));
#1656=EDGE_LOOP('',(#532,#533,#534,#535,#536,#537,#538,#539));
#1657=EDGE_LOOP('',(#540,#541,#542,#543,#544,#545));
#1658=EDGE_LOOP('',(#546,#547,#548,#549,#550,#551));
#1659=EDGE_LOOP('',(#552,#553,#554,#555,#556,#557));
#1660=EDGE_LOOP('',(#558,#559,#560,#561));
#1661=EDGE_LOOP('',(#562,#563,#564,#565));
#1662=EDGE_LOOP('',(#566,#567,#568,#569));
#1663=EDGE_LOOP('',(#570,#571,#572,#573));
#1664=EDGE_LOOP('',(#574,#575,#576,#577));
#1665=EDGE_LOOP('',(#578,#579,#580,#581));
#1666=EDGE_LOOP('',(#582,#583,#584,#585));
#1667=EDGE_LOOP('',(#586,#587,#588,#589));
#1668=EDGE_LOOP('',(#590,#591,#592,#593));
#1669=EDGE_LOOP('',(#594,#595,#596,#597));
#1670=EDGE_LOOP('',(#598,#599,#600,#601));
#1671=EDGE_LOOP('',(#602,#603,#604,#605));
#1672=EDGE_LOOP('',(#606,#607,#608,#609));
#1673=EDGE_LOOP('',(#610,#611,#612,#613));
#1674=EDGE_LOOP('',(#614,#615,#616,#617));
#1675=EDGE_LOOP('',(#618,#619,#620,#621));
#1676=EDGE_LOOP('',(#622,#623,#624,#625));
#1677=EDGE_LOOP('',(#626,#627,#628,#629));
#1678=EDGE_LOOP('',(#630,#631,#632,#633));
#1679=EDGE_LOOP('',(#634,#635,#636,#637));
#1680=EDGE_LOOP('',(#638,#639,#640,#641));
#1681=EDGE_LOOP('',(#642,#643,#644,#645));
#1682=EDGE_LOOP('',(#646,#647,#648,#649));
#1683=EDGE_LOOP('',(#650,#651,#652,#653));
#1684=EDGE_LOOP('',(#654,#655,#656,#657));
#1685=EDGE_LOOP('',(#658,#659,#660,#661));
#1686=EDGE_LOOP('',(#662,#663,#664,#665));
#1687=EDGE_LOOP('',(#666,#667,#668,#669));
#1688=EDGE_LOOP('',(#670,#671,#672,#673));
#1689=EDGE_LOOP('',(#674,#675,#676,#677));
#1690=EDGE_LOOP('',(#678,#679,#680,#681));
#1691=EDGE_LOOP('',(#682,#683,#684,#685));
#1692=EDGE_LOOP('',(#686,#687,#688,#689));
#1693=EDGE_LOOP('',(#690,#691,#692,#693));
#1694=EDGE_LOOP('',(#694,#695,#696,#697));
#1695=EDGE_LOOP('',(#698,#699,#700,#701,#702,#703,#704,#705));
#1696=EDGE_LOOP('',(#706,#707,#708,#709));
#1697=EDGE_LOOP('',(#710,#711,#712,#713,#714,#715));
#1698=EDGE_LOOP('',(#716,#717,#718,#719,#720,#721));
#1699=EDGE_LOOP('',(#722,#723,#724,#725,#726,#727));
#1700=EDGE_LOOP('',(#728,#729,#730,#731));
#1701=EDGE_LOOP('',(#732,#733,#734,#735));
#1702=EDGE_LOOP('',(#736,#737,#738,#739));
#1703=EDGE_LOOP('',(#740,#741,#742,#743));
#1704=EDGE_LOOP('',(#744,#745,#746,#747));
#1705=EDGE_LOOP('',(#748,#749,#750,#751));
#1706=EDGE_LOOP('',(#752,#753,#754,#755));
#1707=EDGE_LOOP('',(#756,#757,#758,#759));
#1708=EDGE_LOOP('',(#760,#761,#762,#763));
#1709=EDGE_LOOP('',(#764,#765,#766,#767));
#1710=EDGE_LOOP('',(#768,#769,#770,#771));
#1711=EDGE_LOOP('',(#772));
#1712=EDGE_LOOP('',(#773,#774,#775,#776,#777,#778,#779,#780,#781,#782,#783,
#784,#785,#786,#787,#788));
#1713=EDGE_LOOP('',(#789,#790,#791,#792));
#1714=EDGE_LOOP('',(#793,#794,#795,#796));
#1715=EDGE_LOOP('',(#797,#798,#799,#800));
#1716=EDGE_LOOP('',(#801,#802,#803,#804));
#1717=EDGE_LOOP('',(#805,#806,#807,#808));
#1718=EDGE_LOOP('',(#809,#810,#811,#812));
#1719=EDGE_LOOP('',(#813));
#1720=EDGE_LOOP('',(#814));
#1721=EDGE_LOOP('',(#815,#816,#817,#818,#819,#820,#821,#822,#823,#824,#825,
#826,#827,#828,#829,#830,#831,#832,#833,#834,#835,#836,#837,#838));
#1722=EDGE_LOOP('',(#839));
#1723=EDGE_LOOP('',(#840,#841,#842,#843,#844,#845,#846,#847));
#1724=EDGE_LOOP('',(#848));
#1725=EDGE_LOOP('',(#849));
#1726=EDGE_LOOP('',(#850));
#1727=EDGE_LOOP('',(#851));
#1728=EDGE_LOOP('',(#852));
#1729=EDGE_LOOP('',(#853));
#1730=EDGE_LOOP('',(#854));
#1731=EDGE_LOOP('',(#855));
#1732=EDGE_LOOP('',(#856));
#1733=EDGE_LOOP('',(#857,#858,#859,#860));
#1734=EDGE_LOOP('',(#861,#862));
#1735=EDGE_LOOP('',(#863,#864));
#1736=EDGE_LOOP('',(#865,#866,#867,#868));
#1737=EDGE_LOOP('',(#869,#870,#871,#872));
#1738=EDGE_LOOP('',(#873,#874,#875,#876));
#1739=EDGE_LOOP('',(#877,#878,#879,#880));
#1740=EDGE_LOOP('',(#881,#882,#883,#884));
#1741=EDGE_LOOP('',(#885,#886,#887,#888));
#1742=EDGE_LOOP('',(#889,#890,#891,#892));
#1743=EDGE_LOOP('',(#893));
#1744=EDGE_LOOP('',(#894,#895,#896,#897,#898,#899,#900,#901,#902,#903,#904,
#905,#906,#907,#908,#909,#910,#911,#912,#913,#914,#915,#916,#917,#918,#919));
#1745=EDGE_LOOP('',(#920,#921,#922,#923));
#1746=EDGE_LOOP('',(#924,#925,#926,#927));
#1747=EDGE_LOOP('',(#928,#929,#930,#931));
#1748=EDGE_LOOP('',(#932,#933,#934,#935));
#1749=EDGE_LOOP('',(#936,#937,#938,#939,#940,#941,#942,#943,#944,#945,#946,
#947,#948,#949,#950,#951));
#1750=EDGE_LOOP('',(#952,#953,#954,#955));
#1751=EDGE_LOOP('',(#956,#957,#958,#959));
#1752=EDGE_LOOP('',(#960,#961,#962,#963));
#1753=EDGE_LOOP('',(#964,#965,#966,#967));
#1754=EDGE_LOOP('',(#968,#969,#970,#971));
#1755=EDGE_LOOP('',(#972,#973,#974,#975));
#1756=EDGE_LOOP('',(#976,#977,#978,#979));
#1757=EDGE_LOOP('',(#980,#981,#982,#983));
#1758=EDGE_LOOP('',(#984,#985,#986,#987));
#1759=EDGE_LOOP('',(#988,#989,#990,#991));
#1760=EDGE_LOOP('',(#992,#993,#994,#995));
#1761=EDGE_LOOP('',(#996,#997,#998,#999));
#1762=EDGE_LOOP('',(#1000,#1001,#1002,#1003));
#1763=EDGE_LOOP('',(#1004,#1005,#1006,#1007,#1008));
#1764=EDGE_LOOP('',(#1009,#1010,#1011,#1012,#1013));
#1765=EDGE_LOOP('',(#1014));
#1766=EDGE_LOOP('',(#1015));
#1767=EDGE_LOOP('',(#1016));
#1768=EDGE_LOOP('',(#1017));
#1769=EDGE_LOOP('',(#1018));
#1770=EDGE_LOOP('',(#1019));
#1771=EDGE_LOOP('',(#1020));
#1772=EDGE_LOOP('',(#1021,#1022,#1023,#1024));
#1773=EDGE_LOOP('',(#1025));
#1774=EDGE_LOOP('',(#1026));
#1775=EDGE_LOOP('',(#1027));
#1776=EDGE_LOOP('',(#1028));
#1777=EDGE_LOOP('',(#1029));
#1778=EDGE_LOOP('',(#1030));
#1779=EDGE_LOOP('',(#1031));
#1780=EDGE_LOOP('',(#1032));
#1781=EDGE_LOOP('',(#1033));
#1782=EDGE_LOOP('',(#1034));
#1783=EDGE_LOOP('',(#1035));
#1784=EDGE_LOOP('',(#1036));
#1785=EDGE_LOOP('',(#1037));
#1786=EDGE_LOOP('',(#1038));
#1787=EDGE_LOOP('',(#1039));
#1788=EDGE_LOOP('',(#1040));
#1789=EDGE_LOOP('',(#1041));
#1790=EDGE_LOOP('',(#1042));
#1791=EDGE_LOOP('',(#1043));
#1792=EDGE_LOOP('',(#1044));
#1793=EDGE_LOOP('',(#1045));
#1794=EDGE_LOOP('',(#1046));
#1795=EDGE_LOOP('',(#1047));
#1796=EDGE_LOOP('',(#1048));
#1797=EDGE_LOOP('',(#1049));
#1798=EDGE_LOOP('',(#1050));
#1799=EDGE_LOOP('',(#1051));
#1800=EDGE_LOOP('',(#1052));
#1801=EDGE_LOOP('',(#1053));
#1802=EDGE_LOOP('',(#1054));
#1803=EDGE_LOOP('',(#1055));
#1804=EDGE_LOOP('',(#1056));
#1805=EDGE_LOOP('',(#1057));
#1806=EDGE_LOOP('',(#1058));
#1807=EDGE_LOOP('',(#1059));
#1808=EDGE_LOOP('',(#1060));
#1809=FACE_BOUND('',#1633,.T.);
#1810=FACE_BOUND('',#1634,.T.);
#1811=FACE_BOUND('',#1635,.T.);
#1812=FACE_BOUND('',#1636,.T.);
#1813=FACE_BOUND('',#1637,.T.);
#1814=FACE_BOUND('',#1638,.T.);
#1815=FACE_BOUND('',#1639,.T.);
#1816=FACE_BOUND('',#1640,.T.);
#1817=FACE_BOUND('',#1641,.T.);
#1818=FACE_BOUND('',#1642,.T.);
#1819=FACE_BOUND('',#1643,.T.);
#1820=FACE_BOUND('',#1644,.T.);
#1821=FACE_BOUND('',#1645,.T.);
#1822=FACE_BOUND('',#1646,.T.);
#1823=FACE_BOUND('',#1647,.T.);
#1824=FACE_BOUND('',#1648,.T.);
#1825=FACE_BOUND('',#1649,.T.);
#1826=FACE_BOUND('',#1650,.T.);
#1827=FACE_BOUND('',#1651,.T.);
#1828=FACE_BOUND('',#1652,.T.);
#1829=FACE_BOUND('',#1653,.T.);
#1830=FACE_BOUND('',#1654,.T.);
#1831=FACE_BOUND('',#1655,.T.);
#1832=FACE_BOUND('',#1656,.T.);
#1833=FACE_BOUND('',#1657,.T.);
#1834=FACE_BOUND('',#1658,.T.);
#1835=FACE_BOUND('',#1659,.T.);
#1836=FACE_BOUND('',#1660,.T.);
#1837=FACE_BOUND('',#1661,.T.);
#1838=FACE_BOUND('',#1662,.T.);
#1839=FACE_BOUND('',#1663,.T.);
#1840=FACE_BOUND('',#1664,.T.);
#1841=FACE_BOUND('',#1665,.T.);
#1842=FACE_BOUND('',#1666,.T.);
#1843=FACE_BOUND('',#1667,.T.);
#1844=FACE_BOUND('',#1668,.T.);
#1845=FACE_BOUND('',#1669,.T.);
#1846=FACE_BOUND('',#1670,.T.);
#1847=FACE_BOUND('',#1671,.T.);
#1848=FACE_BOUND('',#1672,.T.);
#1849=FACE_BOUND('',#1673,.T.);
#1850=FACE_BOUND('',#1674,.T.);
#1851=FACE_BOUND('',#1675,.T.);
#1852=FACE_BOUND('',#1676,.T.);
#1853=FACE_BOUND('',#1677,.T.);
#1854=FACE_BOUND('',#1678,.T.);
#1855=FACE_BOUND('',#1679,.T.);
#1856=FACE_BOUND('',#1680,.T.);
#1857=FACE_BOUND('',#1681,.T.);
#1858=FACE_BOUND('',#1682,.T.);
#1859=FACE_BOUND('',#1683,.T.);
#1860=FACE_BOUND('',#1684,.T.);
#1861=FACE_BOUND('',#1685,.T.);
#1862=FACE_BOUND('',#1686,.T.);
#1863=FACE_BOUND('',#1687,.T.);
#1864=FACE_BOUND('',#1688,.T.);
#1865=FACE_BOUND('',#1689,.T.);
#1866=FACE_BOUND('',#1690,.T.);
#1867=FACE_BOUND('',#1691,.T.);
#1868=FACE_BOUND('',#1692,.T.);
#1869=FACE_BOUND('',#1693,.T.);
#1870=FACE_BOUND('',#1694,.T.);
#1871=FACE_BOUND('',#1695,.T.);
#1872=FACE_BOUND('',#1696,.T.);
#1873=FACE_BOUND('',#1697,.T.);
#1874=FACE_BOUND('',#1698,.T.);
#1875=FACE_BOUND('',#1699,.T.);
#1876=FACE_BOUND('',#1700,.T.);
#1877=FACE_BOUND('',#1701,.T.);
#1878=FACE_BOUND('',#1702,.T.);
#1879=FACE_BOUND('',#1703,.T.);
#1880=FACE_BOUND('',#1704,.T.);
#1881=FACE_BOUND('',#1705,.T.);
#1882=FACE_BOUND('',#1706,.T.);
#1883=FACE_BOUND('',#1707,.T.);
#1884=FACE_BOUND('',#1708,.T.);
#1885=FACE_BOUND('',#1709,.T.);
#1886=FACE_BOUND('',#1710,.T.);
#1887=FACE_BOUND('',#1711,.T.);
#1888=FACE_BOUND('',#1712,.T.);
#1889=FACE_BOUND('',#1713,.T.);
#1890=FACE_BOUND('',#1714,.T.);
#1891=FACE_BOUND('',#1715,.T.);
#1892=FACE_BOUND('',#1716,.T.);
#1893=FACE_BOUND('',#1717,.T.);
#1894=FACE_BOUND('',#1718,.T.);
#1895=FACE_BOUND('',#1719,.T.);
#1896=FACE_BOUND('',#1720,.T.);
#1897=FACE_BOUND('',#1721,.T.);
#1898=FACE_BOUND('',#1722,.T.);
#1899=FACE_BOUND('',#1723,.T.);
#1900=FACE_BOUND('',#1724,.T.);
#1901=FACE_BOUND('',#1725,.T.);
#1902=FACE_BOUND('',#1726,.T.);
#1903=FACE_BOUND('',#1727,.T.);
#1904=FACE_BOUND('',#1728,.T.);
#1905=FACE_BOUND('',#1729,.T.);
#1906=FACE_BOUND('',#1730,.T.);
#1907=FACE_BOUND('',#1731,.T.);
#1908=FACE_BOUND('',#1732,.T.);
#1909=FACE_BOUND('',#1733,.T.);
#1910=FACE_BOUND('',#1734,.T.);
#1911=FACE_BOUND('',#1735,.T.);
#1912=FACE_BOUND('',#1736,.T.);
#1913=FACE_BOUND('',#1737,.T.);
#1914=FACE_BOUND('',#1738,.T.);
#1915=FACE_BOUND('',#1739,.T.);
#1916=FACE_BOUND('',#1740,.T.);
#1917=FACE_BOUND('',#1741,.T.);
#1918=FACE_BOUND('',#1742,.T.);
#1919=FACE_BOUND('',#1743,.T.);
#1920=FACE_BOUND('',#1744,.T.);
#1921=FACE_BOUND('',#1745,.T.);
#1922=FACE_BOUND('',#1746,.T.);
#1923=FACE_BOUND('',#1747,.T.);
#1924=FACE_BOUND('',#1748,.T.);
#1925=FACE_BOUND('',#1749,.T.);
#1926=FACE_BOUND('',#1750,.T.);
#1927=FACE_BOUND('',#1751,.T.);
#1928=FACE_BOUND('',#1752,.T.);
#1929=FACE_BOUND('',#1753,.T.);
#1930=FACE_BOUND('',#1754,.T.);
#1931=FACE_BOUND('',#1755,.T.);
#1932=FACE_BOUND('',#1756,.T.);
#1933=FACE_BOUND('',#1757,.T.);
#1934=FACE_BOUND('',#1758,.T.);
#1935=FACE_BOUND('',#1759,.T.);
#1936=FACE_BOUND('',#1760,.T.);
#1937=FACE_BOUND('',#1761,.T.);
#1938=FACE_BOUND('',#1762,.T.);
#1939=FACE_BOUND('',#1763,.T.);
#1940=FACE_BOUND('',#1764,.T.);
#1941=FACE_BOUND('',#1765,.T.);
#1942=FACE_BOUND('',#1766,.T.);
#1943=FACE_BOUND('',#1767,.T.);
#1944=FACE_BOUND('',#1768,.T.);
#1945=FACE_BOUND('',#1769,.T.);
#1946=FACE_BOUND('',#1770,.T.);
#1947=FACE_BOUND('',#1771,.T.);
#1948=FACE_BOUND('',#1772,.T.);
#1949=FACE_BOUND('',#1773,.T.);
#1950=FACE_BOUND('',#1774,.T.);
#1951=FACE_BOUND('',#1775,.T.);
#1952=FACE_BOUND('',#1776,.T.);
#1953=FACE_BOUND('',#1777,.T.);
#1954=FACE_BOUND('',#1778,.T.);
#1955=FACE_BOUND('',#1779,.T.);
#1956=FACE_BOUND('',#1780,.T.);
#1957=FACE_BOUND('',#1781,.T.);
#1958=FACE_BOUND('',#1782,.T.);
#1959=FACE_BOUND('',#1783,.T.);
#1960=FACE_BOUND('',#1784,.T.);
#1961=FACE_BOUND('',#1785,.T.);
#1962=FACE_BOUND('',#1786,.T.);
#1963=FACE_BOUND('',#1787,.T.);
#1964=FACE_BOUND('',#1788,.T.);
#1965=FACE_BOUND('',#1789,.T.);
#1966=FACE_BOUND('',#1790,.T.);
#1967=FACE_BOUND('',#1791,.T.);
#1968=FACE_BOUND('',#1792,.T.);
#1969=FACE_BOUND('',#1793,.T.);
#1970=FACE_BOUND('',#1794,.T.);
#1971=FACE_BOUND('',#1795,.T.);
#1972=FACE_BOUND('',#1796,.T.);
#1973=FACE_BOUND('',#1797,.T.);
#1974=FACE_BOUND('',#1798,.T.);
#1975=FACE_BOUND('',#1799,.T.);
#1976=FACE_BOUND('',#1800,.T.);
#1977=FACE_BOUND('',#1801,.T.);
#1978=FACE_BOUND('',#1802,.T.);
#1979=FACE_BOUND('',#1803,.T.);
#1980=FACE_BOUND('',#1804,.T.);
#1981=FACE_BOUND('',#1805,.T.);
#1982=FACE_BOUND('',#1806,.T.);
#1983=FACE_BOUND('',#1807,.T.);
#1984=FACE_BOUND('',#1808,.T.);
#1985=PLANE('',#2176);
#1986=PLANE('',#2177);
#1987=PLANE('',#2178);
#1988=PLANE('',#2188);
#1989=PLANE('',#2189);
#1990=PLANE('',#2216);
#1991=PLANE('',#2232);
#1992=PLANE('',#2233);
#1993=PLANE('',#2234);
#1994=PLANE('',#2235);
#1995=PLANE('',#2246);
#1996=PLANE('',#2247);
#1997=PLANE('',#2248);
#1998=PLANE('',#2249);
#1999=PLANE('',#2260);
#2000=PLANE('',#2261);
#2001=PLANE('',#2262);
#2002=PLANE('',#2263);
#2003=PLANE('',#2274);
#2004=PLANE('',#2275);
#2005=PLANE('',#2276);
#2006=PLANE('',#2277);
#2007=PLANE('',#2292);
#2008=PLANE('',#2293);
#2009=PLANE('',#2294);
#2010=PLANE('',#2295);
#2011=PLANE('',#2326);
#2012=PLANE('',#2328);
#2013=PLANE('',#2342);
#2014=PLANE('',#2351);
#2015=PLANE('',#2356);
#2016=PLANE('',#2357);
#2017=PLANE('',#2366);
#2018=PLANE('',#2382);
#2019=PLANE('',#2383);
#2020=PLANE('',#2388);
#2021=PLANE('',#2389);
#2022=PLANE('',#2391);
#2023=PLANE('',#2393);
#2024=PLANE('',#2396);
#2025=PLANE('',#2397);
#2026=PLANE('',#2400);
#2027=PLANE('',#2401);
#2028=PLANE('',#2404);
#2029=PLANE('',#2409);
#2030=PLANE('',#2425);
#2031=PLANE('',#2429);
#2032=PLANE('',#2432);
#2033=PLANE('',#2435);
#2034=PLANE('',#2438);
#2035=PLANE('',#2441);
#2036=ADVANCED_FACE('',(#1809),#1985,.F.);
#2037=ADVANCED_FACE('',(#1810),#1986,.T.);
#2038=ADVANCED_FACE('',(#1811,#1812),#1987,.F.);
#2039=ADVANCED_FACE('',(#1813),#1988,.F.);
#2040=ADVANCED_FACE('',(#1814),#1989,.T.);
#2041=ADVANCED_FACE('',(#1815,#1816,#1817,#1818,#1819,#1820,#1821,#1822,
#1823,#1824,#1825,#1826,#1827,#1828),#36,.T.);
#2042=ADVANCED_FACE('',(#1829,#1830),#1990,.T.);
#2043=ADVANCED_FACE('',(#1831),#37,.T.);
#2044=ADVANCED_FACE('',(#1832),#38,.T.);
#2045=ADVANCED_FACE('',(#1833),#12,.T.);
#2046=ADVANCED_FACE('',(#1834),#13,.T.);
#2047=ADVANCED_FACE('',(#1835),#14,.T.);
#2048=ADVANCED_FACE('',(#1836),#15,.T.);
#2049=ADVANCED_FACE('',(#1837),#1991,.F.);
#2050=ADVANCED_FACE('',(#1838),#1992,.T.);
#2051=ADVANCED_FACE('',(#1839),#1993,.F.);
#2052=ADVANCED_FACE('',(#1840),#1994,.T.);
#2053=ADVANCED_FACE('',(#1841),#39,.T.);
#2054=ADVANCED_FACE('',(#1842),#40,.T.);
#2055=ADVANCED_FACE('',(#1843),#16,.T.);
#2056=ADVANCED_FACE('',(#1844),#17,.T.);
#2057=ADVANCED_FACE('',(#1845),#18,.T.);
#2058=ADVANCED_FACE('',(#1846),#19,.T.);
#2059=ADVANCED_FACE('',(#1847),#1995,.F.);
#2060=ADVANCED_FACE('',(#1848),#1996,.T.);
#2061=ADVANCED_FACE('',(#1849),#1997,.F.);
#2062=ADVANCED_FACE('',(#1850),#1998,.T.);
#2063=ADVANCED_FACE('',(#1851),#41,.T.);
#2064=ADVANCED_FACE('',(#1852),#42,.T.);
#2065=ADVANCED_FACE('',(#1853),#20,.T.);
#2066=ADVANCED_FACE('',(#1854),#21,.T.);
#2067=ADVANCED_FACE('',(#1855),#22,.T.);
#2068=ADVANCED_FACE('',(#1856),#23,.T.);
#2069=ADVANCED_FACE('',(#1857),#1999,.F.);
#2070=ADVANCED_FACE('',(#1858),#2000,.T.);
#2071=ADVANCED_FACE('',(#1859),#2001,.F.);
#2072=ADVANCED_FACE('',(#1860),#2002,.T.);
#2073=ADVANCED_FACE('',(#1861),#43,.T.);
#2074=ADVANCED_FACE('',(#1862),#44,.T.);
#2075=ADVANCED_FACE('',(#1863),#24,.T.);
#2076=ADVANCED_FACE('',(#1864),#25,.T.);
#2077=ADVANCED_FACE('',(#1865),#26,.T.);
#2078=ADVANCED_FACE('',(#1866),#27,.T.);
#2079=ADVANCED_FACE('',(#1867),#2003,.F.);
#2080=ADVANCED_FACE('',(#1868),#2004,.T.);
#2081=ADVANCED_FACE('',(#1869),#2005,.F.);
#2082=ADVANCED_FACE('',(#1870),#2006,.T.);
#2083=ADVANCED_FACE('',(#1871),#45,.T.);
#2084=ADVANCED_FACE('',(#1872),#46,.T.);
#2085=ADVANCED_FACE('',(#1873),#28,.T.);
#2086=ADVANCED_FACE('',(#1874),#29,.T.);
#2087=ADVANCED_FACE('',(#1875),#30,.T.);
#2088=ADVANCED_FACE('',(#1876),#31,.T.);
#2089=ADVANCED_FACE('',(#1877),#2007,.F.);
#2090=ADVANCED_FACE('',(#1878),#2008,.T.);
#2091=ADVANCED_FACE('',(#1879),#2009,.F.);
#2092=ADVANCED_FACE('',(#1880),#2010,.T.);
#2093=ADVANCED_FACE('',(#1881),#47,.T.);
#2094=ADVANCED_FACE('',(#1882),#48,.T.);
#2095=ADVANCED_FACE('',(#1883),#32,.T.);
#2096=ADVANCED_FACE('',(#1884),#33,.T.);
#2097=ADVANCED_FACE('',(#1885),#34,.T.);
#2098=ADVANCED_FACE('',(#1886),#35,.T.);
#2099=ADVANCED_FACE('',(#1887,#1888),#49,.F.);
#2100=ADVANCED_FACE('',(#1889),#50,.T.);
#2101=ADVANCED_FACE('',(#1890),#51,.T.);
#2102=ADVANCED_FACE('',(#1891),#52,.T.);
#2103=ADVANCED_FACE('',(#1892),#53,.T.);
#2104=ADVANCED_FACE('',(#1893),#54,.T.);
#2105=ADVANCED_FACE('',(#1894),#55,.T.);
#2106=ADVANCED_FACE('',(#1895,#1896),#2011,.T.);
#2107=ADVANCED_FACE('',(#1897,#1898),#2012,.F.);
#2108=ADVANCED_FACE('',(#1899,#1900),#2013,.T.);
#2109=ADVANCED_FACE('',(#1901,#1902),#56,.T.);
#2110=ADVANCED_FACE('',(#1903,#1904),#57,.T.);
#2111=ADVANCED_FACE('',(#1905,#1906),#2014,.F.);
#2112=ADVANCED_FACE('',(#1907,#1908),#58,.T.);
#2113=ADVANCED_FACE('',(#1909),#59,.T.);
#2114=ADVANCED_FACE('',(#1910),#2015,.T.);
#2115=ADVANCED_FACE('',(#1911),#2016,.T.);
#2116=ADVANCED_FACE('',(#1912),#60,.T.);
#2117=ADVANCED_FACE('',(#1913),#61,.T.);
#2118=ADVANCED_FACE('',(#1914),#62,.T.);
#2119=ADVANCED_FACE('',(#1915),#63,.T.);
#2120=ADVANCED_FACE('',(#1916),#64,.T.);
#2121=ADVANCED_FACE('',(#1917),#65,.T.);
#2122=ADVANCED_FACE('',(#1918),#66,.T.);
#2123=ADVANCED_FACE('',(#1919,#1920),#2017,.T.);
#2124=ADVANCED_FACE('',(#1921),#67,.T.);
#2125=ADVANCED_FACE('',(#1922),#68,.T.);
#2126=ADVANCED_FACE('',(#1923),#2018,.F.);
#2127=ADVANCED_FACE('',(#1924),#2019,.T.);
#2128=ADVANCED_FACE('',(#1925),#69,.T.);
#2129=ADVANCED_FACE('',(#1926),#70,.T.);
#2130=ADVANCED_FACE('',(#1927),#71,.T.);
#2131=ADVANCED_FACE('',(#1928),#2020,.F.);
#2132=ADVANCED_FACE('',(#1929),#2021,.T.);
#2133=ADVANCED_FACE('',(#1930),#72,.T.);
#2134=ADVANCED_FACE('',(#1931),#2022,.F.);
#2135=ADVANCED_FACE('',(#1932),#73,.T.);
#2136=ADVANCED_FACE('',(#1933),#2023,.T.);
#2137=ADVANCED_FACE('',(#1934),#74,.T.);
#2138=ADVANCED_FACE('',(#1935),#75,.T.);
#2139=ADVANCED_FACE('',(#1936),#2024,.F.);
#2140=ADVANCED_FACE('',(#1937),#2025,.T.);
#2141=ADVANCED_FACE('',(#1938),#76,.F.);
#2142=ADVANCED_FACE('',(#1939),#2026,.F.);
#2143=ADVANCED_FACE('',(#1940),#2027,.F.);
#2144=ADVANCED_FACE('',(#1941,#1942),#77,.F.);
#2145=ADVANCED_FACE('',(#1943,#1944,#1945,#1946,#1947),#2028,.T.);
#2146=ADVANCED_FACE('',(#1948,#1949),#2029,.F.);
#2147=ADVANCED_FACE('',(#1950,#1951),#78,.T.);
#2148=ADVANCED_FACE('',(#1952,#1953),#79,.F.);
#2149=ADVANCED_FACE('',(#1954,#1955),#80,.F.);
#2150=ADVANCED_FACE('',(#1956,#1957),#81,.F.);
#2151=ADVANCED_FACE('',(#1958,#1959),#82,.F.);
#2152=ADVANCED_FACE('',(#1960,#1961,#1962,#1963,#1964,#1965),#2030,.F.);
#2153=ADVANCED_FACE('',(#1966,#1967),#83,.F.);
#2154=ADVANCED_FACE('',(#1968),#2031,.F.);
#2155=ADVANCED_FACE('',(#1969,#1970),#84,.F.);
#2156=ADVANCED_FACE('',(#1971,#1972),#2032,.T.);
#2157=ADVANCED_FACE('',(#1973,#1974),#85,.F.);
#2158=ADVANCED_FACE('',(#1975,#1976),#2033,.T.);
#2159=ADVANCED_FACE('',(#1977,#1978),#86,.F.);
#2160=ADVANCED_FACE('',(#1979,#1980),#2034,.T.);
#2161=ADVANCED_FACE('',(#1981,#1982),#87,.F.);
#2162=ADVANCED_FACE('',(#1983,#1984),#2035,.T.);
#2163=CLOSED_SHELL('',(#2036,#2037,#2038,#2039,#2040,#2041,#2042,#2043,
#2044,#2045,#2046,#2047,#2048,#2049,#2050,#2051,#2052,#2053,#2054,#2055,
#2056,#2057,#2058,#2059,#2060,#2061,#2062,#2063,#2064,#2065,#2066,#2067,
#2068,#2069,#2070,#2071,#2072,#2073,#2074,#2075,#2076,#2077,#2078,#2079,
#2080,#2081,#2082,#2083,#2084,#2085,#2086,#2087,#2088,#2089,#2090,#2091,
#2092,#2093,#2094,#2095,#2096,#2097,#2098,#2099,#2100,#2101,#2102,#2103,
#2104,#2105,#2106,#2107,#2108,#2109,#2110,#2111,#2112,#2113,#2114,#2115,
#2116,#2117,#2118,#2119,#2120,#2121,#2122,#2123,#2124,#2125,#2126,#2127,
#2128,#2129,#2130,#2131,#2132,#2133,#2134,#2135,#2136,#2137,#2138,#2139,
#2140,#2141,#2142,#2143,#2144,#2145,#2146,#2147,#2148,#2149,#2150,#2151,
#2152,#2153,#2154,#2155,#2156,#2157,#2158,#2159,#2160,#2161,#2162));
#2164=STYLED_ITEM('',(#2165),#2172);
#2165=PRESENTATION_STYLE_ASSIGNMENT((#2166));
#2166=SURFACE_STYLE_USAGE(.BOTH.,#2167);
#2167=SURFACE_SIDE_STYLE('',(#2168));
#2168=SURFACE_STYLE_FILL_AREA(#2169);
#2169=FILL_AREA_STYLE('',(#2170));
#2170=FILL_AREA_STYLE_COLOUR('',#2171);
#2171=COLOUR_RGB('',0.231372549019608,0.380392156862745,0.705882352941177);
#2172=MANIFOLD_SOLID_BREP('Part 1',#2163);
#2173=SHAPE_DEFINITION_REPRESENTATION(#3908,#2174);
#2174=SHAPE_REPRESENTATION('Part 1',(#2175),#3903);
#2175=AXIS2_PLACEMENT_3D('',#3088,#2442,#2443);
#2176=AXIS2_PLACEMENT_3D('',#3089,#2444,#2445);
#2177=AXIS2_PLACEMENT_3D('',#3104,#2448,#2449);
#2178=AXIS2_PLACEMENT_3D('',#3119,#2452,#2453);
#2179=AXIS2_PLACEMENT_3D('',#3120,#2454,#2455);
#2180=AXIS2_PLACEMENT_3D('',#3123,#2456,#2457);
#2181=AXIS2_PLACEMENT_3D('',#3125,#2458,#2459);
#2182=AXIS2_PLACEMENT_3D('',#3127,#2460,#2461);
#2183=AXIS2_PLACEMENT_3D('',#3129,#2462,#2463);
#2184=AXIS2_PLACEMENT_3D('',#3131,#2464,#2465);
#2185=AXIS2_PLACEMENT_3D('',#3133,#2466,#2467);
#2186=AXIS2_PLACEMENT_3D('',#3135,#2468,#2469);
#2187=AXIS2_PLACEMENT_3D('',#3136,#2470,#2471);
#2188=AXIS2_PLACEMENT_3D('',#3138,#2472,#2473);
#2189=AXIS2_PLACEMENT_3D('',#3153,#2476,#2477);
#2190=AXIS2_PLACEMENT_3D('',#3168,#2480,#2481);
#2191=AXIS2_PLACEMENT_3D('',#3169,#2482,#2483);
#2192=AXIS2_PLACEMENT_3D('',#3173,#2485,#2486);
#2193=AXIS2_PLACEMENT_3D('',#3174,#2487,#2488);
#2194=AXIS2_PLACEMENT_3D('',#3178,#2490,#2491);
#2195=AXIS2_PLACEMENT_3D('',#3179,#2492,#2493);
#2196=AXIS2_PLACEMENT_3D('',#3181,#2494,#2495);
#2197=AXIS2_PLACEMENT_3D('',#3184,#2497,#2498);
#2198=AXIS2_PLACEMENT_3D('',#3186,#2499,#2500);
#2199=AXIS2_PLACEMENT_3D('',#3189,#2502,#2503);
#2200=AXIS2_PLACEMENT_3D('',#3191,#2504,#2505);
#2201=AXIS2_PLACEMENT_3D('',#3196,#2507,#2508);
#2202=AXIS2_PLACEMENT_3D('',#3199,#2510,#2511);
#2203=AXIS2_PLACEMENT_3D('',#3204,#2513,#2514);
#2204=AXIS2_PLACEMENT_3D('',#3210,#2517,#2518);
#2205=AXIS2_PLACEMENT_3D('',#3214,#2520,#2521);
#2206=AXIS2_PLACEMENT_3D('',#3218,#2523,#2524);
#2207=AXIS2_PLACEMENT_3D('',#3222,#2526,#2527);
#2208=AXIS2_PLACEMENT_3D('',#3226,#2529,#2530);
#2209=AXIS2_PLACEMENT_3D('',#3230,#2532,#2533);
#2210=AXIS2_PLACEMENT_3D('',#3234,#2535,#2536);
#2211=AXIS2_PLACEMENT_3D('',#3238,#2538,#2539);
#2212=AXIS2_PLACEMENT_3D('',#3242,#2541,#2542);
#2213=AXIS2_PLACEMENT_3D('',#3246,#2544,#2545);
#2214=AXIS2_PLACEMENT_3D('',#3250,#2547,#2548);
#2215=AXIS2_PLACEMENT_3D('',#3254,#2550,#2551);
#2216=AXIS2_PLACEMENT_3D('',#3255,#2552,#2553);
#2217=AXIS2_PLACEMENT_3D('',#3256,#2554,#2555);
#2218=AXIS2_PLACEMENT_3D('',#3258,#2556,#2557);
#2219=AXIS2_PLACEMENT_3D('',#3259,#2558,#2559);
#2220=AXIS2_PLACEMENT_3D('',#3261,#2560,#2561);
#2221=AXIS2_PLACEMENT_3D('',#3264,#2563,#2564);
#2222=AXIS2_PLACEMENT_3D('',#3265,#2565,#2566);
#2223=AXIS2_PLACEMENT_3D('',#3267,#2567,#2568);
#2224=AXIS2_PLACEMENT_3D('',#3271,#2570,#2571);
#2225=AXIS2_PLACEMENT_3D('',#3275,#2573,#2574);
#2226=AXIS2_PLACEMENT_3D('',#3278,#2576,#2577);
#2227=AXIS2_PLACEMENT_3D('',#3284,#2578,#2579);
#2228=AXIS2_PLACEMENT_3D('',#3291,#2580,#2581);
#2229=AXIS2_PLACEMENT_3D('',#3298,#2582,#2583);
#2230=AXIS2_PLACEMENT_3D('',#3304,#2584,#2585);
#2231=AXIS2_PLACEMENT_3D('',#3314,#2586,#2587);
#2232=AXIS2_PLACEMENT_3D('',#3319,#2588,#2589);
#2233=AXIS2_PLACEMENT_3D('',#3331,#2591,#2592);
#2234=AXIS2_PLACEMENT_3D('',#3343,#2594,#2595);
#2235=AXIS2_PLACEMENT_3D('',#3355,#2597,#2598);
#2236=AXIS2_PLACEMENT_3D('',#3367,#2600,#2601);
#2237=AXIS2_PLACEMENT_3D('',#3368,#2602,#2603);
#2238=AXIS2_PLACEMENT_3D('',#3369,#2604,#2605);
#2239=AXIS2_PLACEMENT_3D('',#3370,#2606,#2607);
#2240=AXIS2_PLACEMENT_3D('',#3371,#2608,#2609);
#2241=AXIS2_PLACEMENT_3D('',#3372,#2610,#2611);
#2242=AXIS2_PLACEMENT_3D('',#3373,#2612,#2613);
#2243=AXIS2_PLACEMENT_3D('',#3374,#2614,#2615);
#2244=AXIS2_PLACEMENT_3D('',#3375,#2616,#2617);
#2245=AXIS2_PLACEMENT_3D('',#3376,#2618,#2619);
#2246=AXIS2_PLACEMENT_3D('',#3377,#2620,#2621);
#2247=AXIS2_PLACEMENT_3D('',#3389,#2623,#2624);
#2248=AXIS2_PLACEMENT_3D('',#3390,#2625,#2626);
#2249=AXIS2_PLACEMENT_3D('',#3402,#2628,#2629);
#2250=AXIS2_PLACEMENT_3D('',#3404,#2631,#2632);
#2251=AXIS2_PLACEMENT_3D('',#3405,#2633,#2634);
#2252=AXIS2_PLACEMENT_3D('',#3407,#2635,#2636);
#2253=AXIS2_PLACEMENT_3D('',#3410,#2638,#2639);
#2254=AXIS2_PLACEMENT_3D('',#3411,#2640,#2641);
#2255=AXIS2_PLACEMENT_3D('',#3413,#2642,#2643);
#2256=AXIS2_PLACEMENT_3D('',#3416,#2645,#2646);
#2257=AXIS2_PLACEMENT_3D('',#3421,#2647,#2648);
#2258=AXIS2_PLACEMENT_3D('',#3426,#2649,#2650);
#2259=AXIS2_PLACEMENT_3D('',#3431,#2651,#2652);
#2260=AXIS2_PLACEMENT_3D('',#3436,#2653,#2654);
#2261=AXIS2_PLACEMENT_3D('',#3448,#2656,#2657);
#2262=AXIS2_PLACEMENT_3D('',#3449,#2658,#2659);
#2263=AXIS2_PLACEMENT_3D('',#3461,#2661,#2662);
#2264=AXIS2_PLACEMENT_3D('',#3462,#2663,#2664);
#2265=AXIS2_PLACEMENT_3D('',#3463,#2665,#2666);
#2266=AXIS2_PLACEMENT_3D('',#3465,#2667,#2668);
#2267=AXIS2_PLACEMENT_3D('',#3468,#2670,#2671);
#2268=AXIS2_PLACEMENT_3D('',#3469,#2672,#2673);
#2269=AXIS2_PLACEMENT_3D('',#3471,#2674,#2675);
#2270=AXIS2_PLACEMENT_3D('',#3474,#2677,#2678);
#2271=AXIS2_PLACEMENT_3D('',#3479,#2679,#2680);
#2272=AXIS2_PLACEMENT_3D('',#3484,#2681,#2682);
#2273=AXIS2_PLACEMENT_3D('',#3489,#2683,#2684);
#2274=AXIS2_PLACEMENT_3D('',#3494,#2685,#2686);
#2275=AXIS2_PLACEMENT_3D('',#3506,#2688,#2689);
#2276=AXIS2_PLACEMENT_3D('',#3507,#2690,#2691);
#2277=AXIS2_PLACEMENT_3D('',#3519,#2693,#2694);
#2278=AXIS2_PLACEMENT_3D('',#3520,#2695,#2696);
#2279=AXIS2_PLACEMENT_3D('',#3521,#2697,#2698);
#2280=AXIS2_PLACEMENT_3D('',#3523,#2699,#2700);
#2281=AXIS2_PLACEMENT_3D('',#3527,#2702,#2703);
#2282=AXIS2_PLACEMENT_3D('',#3531,#2705,#2706);
#2283=AXIS2_PLACEMENT_3D('',#3534,#2708,#2709);
#2284=AXIS2_PLACEMENT_3D('',#3535,#2710,#2711);
#2285=AXIS2_PLACEMENT_3D('',#3537,#2712,#2713);
#2286=AXIS2_PLACEMENT_3D('',#3540,#2715,#2716);
#2287=AXIS2_PLACEMENT_3D('',#3546,#2717,#2718);
#2288=AXIS2_PLACEMENT_3D('',#3553,#2719,#2720);
#2289=AXIS2_PLACEMENT_3D('',#3560,#2721,#2722);
#2290=AXIS2_PLACEMENT_3D('',#3566,#2723,#2724);
#2291=AXIS2_PLACEMENT_3D('',#3576,#2725,#2726);
#2292=AXIS2_PLACEMENT_3D('',#3581,#2727,#2728);
#2293=AXIS2_PLACEMENT_3D('',#3593,#2730,#2731);
#2294=AXIS2_PLACEMENT_3D('',#3594,#2732,#2733);
#2295=AXIS2_PLACEMENT_3D('',#3606,#2735,#2736);
#2296=AXIS2_PLACEMENT_3D('',#3608,#2738,#2739);
#2297=AXIS2_PLACEMENT_3D('',#3609,#2740,#2741);
#2298=AXIS2_PLACEMENT_3D('',#3610,#2742,#2743);
#2299=AXIS2_PLACEMENT_3D('',#3611,#2744,#2745);
#2300=AXIS2_PLACEMENT_3D('',#3612,#2746,#2747);
#2301=AXIS2_PLACEMENT_3D('',#3613,#2748,#2749);
#2302=AXIS2_PLACEMENT_3D('',#3614,#2750,#2751);
#2303=AXIS2_PLACEMENT_3D('',#3615,#2752,#2753);
#2304=AXIS2_PLACEMENT_3D('',#3616,#2754,#2755);
#2305=AXIS2_PLACEMENT_3D('',#3617,#2756,#2757);
#2306=AXIS2_PLACEMENT_3D('',#3618,#2758,#2759);
#2307=AXIS2_PLACEMENT_3D('',#3619,#2760,#2761);
#2308=AXIS2_PLACEMENT_3D('',#3621,#2762,#2763);
#2309=AXIS2_PLACEMENT_3D('',#3626,#2765,#2766);
#2310=AXIS2_PLACEMENT_3D('',#3630,#2768,#2769);
#2311=AXIS2_PLACEMENT_3D('',#3634,#2771,#2772);
#2312=AXIS2_PLACEMENT_3D('',#3638,#2774,#2775);
#2313=AXIS2_PLACEMENT_3D('',#3642,#2777,#2778);
#2314=AXIS2_PLACEMENT_3D('',#3646,#2780,#2781);
#2315=AXIS2_PLACEMENT_3D('',#3650,#2783,#2784);
#2316=AXIS2_PLACEMENT_3D('',#3653,#2786,#2787);
#2317=AXIS2_PLACEMENT_3D('',#3658,#2790,#2791);
#2318=AXIS2_PLACEMENT_3D('',#3659,#2792,#2793);
#2319=AXIS2_PLACEMENT_3D('',#3662,#2795,#2796);
#2320=AXIS2_PLACEMENT_3D('',#3665,#2798,#2799);
#2321=AXIS2_PLACEMENT_3D('',#3670,#2802,#2803);
#2322=AXIS2_PLACEMENT_3D('',#3671,#2804,#2805);
#2323=AXIS2_PLACEMENT_3D('',#3676,#2808,#2809);
#2324=AXIS2_PLACEMENT_3D('',#3677,#2810,#2811);
#2325=AXIS2_PLACEMENT_3D('',#3679,#2813,#2814);
#2326=AXIS2_PLACEMENT_3D('',#3681,#2816,#2817);
#2327=AXIS2_PLACEMENT_3D('',#3682,#2818,#2819);
#2328=AXIS2_PLACEMENT_3D('',#3684,#2820,#2821);
#2329=AXIS2_PLACEMENT_3D('',#3687,#2823,#2824);
#2330=AXIS2_PLACEMENT_3D('',#3689,#2825,#2826);
#2331=AXIS2_PLACEMENT_3D('',#3691,#2827,#2828);
#2332=AXIS2_PLACEMENT_3D('',#3696,#2831,#2832);
#2333=AXIS2_PLACEMENT_3D('',#3698,#2833,#2834);
#2334=AXIS2_PLACEMENT_3D('',#3700,#2835,#2836);
#2335=AXIS2_PLACEMENT_3D('',#3705,#2839,#2840);
#2336=AXIS2_PLACEMENT_3D('',#3707,#2841,#2842);
#2337=AXIS2_PLACEMENT_3D('',#3709,#2843,#2844);
#2338=AXIS2_PLACEMENT_3D('',#3714,#2847,#2848);
#2339=AXIS2_PLACEMENT_3D('',#3716,#2849,#2850);
#2340=AXIS2_PLACEMENT_3D('',#3718,#2851,#2852);
#2341=AXIS2_PLACEMENT_3D('',#3721,#2854,#2855);
#2342=AXIS2_PLACEMENT_3D('',#3723,#2856,#2857);
#2343=AXIS2_PLACEMENT_3D('',#3724,#2858,#2859);
#2344=AXIS2_PLACEMENT_3D('',#3725,#2860,#2861);
#2345=AXIS2_PLACEMENT_3D('',#3726,#2862,#2863);
#2346=AXIS2_PLACEMENT_3D('',#3727,#2864,#2865);
#2347=AXIS2_PLACEMENT_3D('',#3728,#2866,#2867);
#2348=AXIS2_PLACEMENT_3D('',#3730,#2868,#2869);
#2349=AXIS2_PLACEMENT_3D('',#3731,#2870,#2871);
#2350=AXIS2_PLACEMENT_3D('',#3732,#2872,#2873);
#2351=AXIS2_PLACEMENT_3D('',#3734,#2874,#2875);
#2352=AXIS2_PLACEMENT_3D('',#3735,#2876,#2877);
#2353=AXIS2_PLACEMENT_3D('',#3737,#2878,#2879);
#2354=AXIS2_PLACEMENT_3D('',#3738,#2880,#2881);
#2355=AXIS2_PLACEMENT_3D('',#3739,#2882,#2883);
#2356=AXIS2_PLACEMENT_3D('',#3740,#2884,#2885);
#2357=AXIS2_PLACEMENT_3D('',#3741,#2886,#2887);
#2358=AXIS2_PLACEMENT_3D('',#3742,#2888,#2889);
#2359=AXIS2_PLACEMENT_3D('',#3743,#2890,#2891);
#2360=AXIS2_PLACEMENT_3D('',#3744,#2892,#2893);
#2361=AXIS2_PLACEMENT_3D('',#3745,#2894,#2895);
#2362=AXIS2_PLACEMENT_3D('',#3746,#2896,#2897);
#2363=AXIS2_PLACEMENT_3D('',#3747,#2898,#2899);
#2364=AXIS2_PLACEMENT_3D('',#3748,#2900,#2901);
#2365=AXIS2_PLACEMENT_3D('',#3749,#2902,#2903);
#2366=AXIS2_PLACEMENT_3D('',#3750,#2904,#2905);
#2367=AXIS2_PLACEMENT_3D('',#3751,#2906,#2907);
#2368=AXIS2_PLACEMENT_3D('',#3757,#2910,#2911);
#2369=AXIS2_PLACEMENT_3D('',#3761,#2913,#2914);
#2370=AXIS2_PLACEMENT_3D('',#3763,#2915,#2916);
#2371=AXIS2_PLACEMENT_3D('',#3768,#2919,#2920);
#2372=AXIS2_PLACEMENT_3D('',#3770,#2921,#2922);
#2373=AXIS2_PLACEMENT_3D('',#3772,#2923,#2924);
#2374=AXIS2_PLACEMENT_3D('',#3777,#2927,#2928);
#2375=AXIS2_PLACEMENT_3D('',#3779,#2929,#2930);
#2376=AXIS2_PLACEMENT_3D('',#3781,#2931,#2932);
#2377=AXIS2_PLACEMENT_3D('',#3786,#2935,#2936);
#2378=AXIS2_PLACEMENT_3D('',#3788,#2937,#2938);
#2379=AXIS2_PLACEMENT_3D('',#3792,#2940,#2941);
#2380=AXIS2_PLACEMENT_3D('',#3793,#2942,#2943);
#2381=AXIS2_PLACEMENT_3D('',#3796,#2946,#2947);
#2382=AXIS2_PLACEMENT_3D('',#3799,#2950,#2951);
#2383=AXIS2_PLACEMENT_3D('',#3800,#2952,#2953);
#2384=AXIS2_PLACEMENT_3D('',#3801,#2954,#2955);
#2385=AXIS2_PLACEMENT_3D('',#3806,#2959,#2960);
#2386=AXIS2_PLACEMENT_3D('',#3811,#2964,#2965);
#2387=AXIS2_PLACEMENT_3D('',#3813,#2967,#2968);
#2388=AXIS2_PLACEMENT_3D('',#3815,#2970,#2971);
#2389=AXIS2_PLACEMENT_3D('',#3816,#2972,#2973);
#2390=AXIS2_PLACEMENT_3D('',#3817,#2974,#2975);
#2391=AXIS2_PLACEMENT_3D('',#3820,#2978,#2979);
#2392=AXIS2_PLACEMENT_3D('',#3821,#2980,#2981);
#2393=AXIS2_PLACEMENT_3D('',#3824,#2984,#2985);
#2394=AXIS2_PLACEMENT_3D('',#3825,#2986,#2987);
#2395=AXIS2_PLACEMENT_3D('',#3827,#2989,#2990);
#2396=AXIS2_PLACEMENT_3D('',#3829,#2992,#2993);
#2397=AXIS2_PLACEMENT_3D('',#3830,#2994,#2995);
#2398=AXIS2_PLACEMENT_3D('',#3831,#2996,#2997);
#2399=AXIS2_PLACEMENT_3D('',#3836,#3000,#3001);
#2400=AXIS2_PLACEMENT_3D('',#3837,#3002,#3003);
#2401=AXIS2_PLACEMENT_3D('',#3839,#3005,#3006);
#2402=AXIS2_PLACEMENT_3D('',#3841,#3008,#3009);
#2403=AXIS2_PLACEMENT_3D('',#3842,#3010,#3011);
#2404=AXIS2_PLACEMENT_3D('',#3844,#3012,#3013);
#2405=AXIS2_PLACEMENT_3D('',#3845,#3014,#3015);
#2406=AXIS2_PLACEMENT_3D('',#3847,#3016,#3017);
#2407=AXIS2_PLACEMENT_3D('',#3849,#3018,#3019);
#2408=AXIS2_PLACEMENT_3D('',#3851,#3020,#3021);
#2409=AXIS2_PLACEMENT_3D('',#3853,#3022,#3023);
#2410=AXIS2_PLACEMENT_3D('',#3854,#3024,#3025);
#2411=AXIS2_PLACEMENT_3D('',#3856,#3026,#3027);
#2412=AXIS2_PLACEMENT_3D('',#3857,#3028,#3029);
#2413=AXIS2_PLACEMENT_3D('',#3859,#3030,#3031);
#2414=AXIS2_PLACEMENT_3D('',#3860,#3032,#3033);
#2415=AXIS2_PLACEMENT_3D('',#3862,#3034,#3035);
#2416=AXIS2_PLACEMENT_3D('',#3864,#3036,#3037);
#2417=AXIS2_PLACEMENT_3D('',#3865,#3038,#3039);
#2418=AXIS2_PLACEMENT_3D('',#3867,#3040,#3041);
#2419=AXIS2_PLACEMENT_3D('',#3869,#3042,#3043);
#2420=AXIS2_PLACEMENT_3D('',#3870,#3044,#3045);
#2421=AXIS2_PLACEMENT_3D('',#3872,#3046,#3047);
#2422=AXIS2_PLACEMENT_3D('',#3874,#3048,#3049);
#2423=AXIS2_PLACEMENT_3D('',#3875,#3050,#3051);
#2424=AXIS2_PLACEMENT_3D('',#3877,#3052,#3053);
#2425=AXIS2_PLACEMENT_3D('',#3879,#3054,#3055);
#2426=AXIS2_PLACEMENT_3D('',#3880,#3056,#3057);
#2427=AXIS2_PLACEMENT_3D('',#3882,#3058,#3059);
#2428=AXIS2_PLACEMENT_3D('',#3883,#3060,#3061);
#2429=AXIS2_PLACEMENT_3D('',#3885,#3062,#3063);
#2430=AXIS2_PLACEMENT_3D('',#3886,#3064,#3065);
#2431=AXIS2_PLACEMENT_3D('',#3887,#3066,#3067);
#2432=AXIS2_PLACEMENT_3D('',#3889,#3068,#3069);
#2433=AXIS2_PLACEMENT_3D('',#3890,#3070,#3071);
#2434=AXIS2_PLACEMENT_3D('',#3891,#3072,#3073);
#2435=AXIS2_PLACEMENT_3D('',#3893,#3074,#3075);
#2436=AXIS2_PLACEMENT_3D('',#3894,#3076,#3077);
#2437=AXIS2_PLACEMENT_3D('',#3895,#3078,#3079);
#2438=AXIS2_PLACEMENT_3D('',#3897,#3080,#3081);
#2439=AXIS2_PLACEMENT_3D('',#3898,#3082,#3083);
#2440=AXIS2_PLACEMENT_3D('',#3899,#3084,#3085);
#2441=AXIS2_PLACEMENT_3D('',#3901,#3086,#3087);
#2442=DIRECTION('',(0.,0.,1.));
#2443=DIRECTION('',(1.,0.,0.));
#2444=DIRECTION('',(-0.392820323027552,0.919615242270663,0.));
#2445=DIRECTION('',(-0.919615242270663,-0.392820323027552,0.));
#2446=DIRECTION('',(0.,0.,-1.));
#2447=DIRECTION('',(0.,0.,-1.));
#2448=DIRECTION('',(-0.992820323027551,-0.119615242270663,0.));
#2449=DIRECTION('',(0.119615242270663,-0.992820323027551,0.));
#2450=DIRECTION('',(0.,0.,-1.));
#2451=DIRECTION('',(0.,0.,-1.));
#2452=DIRECTION('',(0.,0.,1.));
#2453=DIRECTION('',(0.5,0.866025403784439,0.));
#2454=DIRECTION('',(0.,0.,1.));
#2455=DIRECTION('',(1.,0.,0.));
#2456=DIRECTION('',(0.,0.,1.));
#2457=DIRECTION('',(1.,0.,0.));
#2458=DIRECTION('',(0.,0.,1.));
#2459=DIRECTION('',(1.,0.,0.));
#2460=DIRECTION('',(0.,0.,1.));
#2461=DIRECTION('',(1.,0.,0.));
#2462=DIRECTION('',(0.,0.,1.));
#2463=DIRECTION('',(1.,0.,0.));
#2464=DIRECTION('',(0.,0.,1.));
#2465=DIRECTION('',(1.,0.,0.));
#2466=DIRECTION('',(0.,0.,1.));
#2467=DIRECTION('',(1.,0.,0.));
#2468=DIRECTION('',(0.,0.,1.));
#2469=DIRECTION('',(1.,0.,0.));
#2470=DIRECTION('',(0.,0.,1.));
#2471=DIRECTION('',(0.5,0.866025403784439,0.));
#2472=DIRECTION('',(-0.392820323027552,0.919615242270663,0.));
#2473=DIRECTION('',(-0.919615242270663,-0.392820323027552,0.));
#2474=DIRECTION('',(0.,0.,-1.));
#2475=DIRECTION('',(0.,0.,-1.));
#2476=DIRECTION('',(-0.992820323027551,-0.119615242270663,0.));
#2477=DIRECTION('',(0.119615242270663,-0.992820323027551,0.));
#2478=DIRECTION('',(0.,0.,-1.));
#2479=DIRECTION('',(0.,0.,-1.));
#2480=DIRECTION('',(0.,0.,-1.));
#2481=DIRECTION('',(-0.5,-0.866025403784439,0.));
#2482=DIRECTION('',(0.,0.,-1.));
#2483=DIRECTION('',(-1.,0.,0.));
#2484=DIRECTION('',(0.,0.,-1.));
#2485=DIRECTION('',(0.,0.,-1.));
#2486=DIRECTION('',(-1.,0.,0.));
#2487=DIRECTION('',(0.,0.,-1.));
#2488=DIRECTION('',(-1.,0.,0.));
#2489=DIRECTION('',(0.,0.,-1.));
#2490=DIRECTION('',(0.,0.,-1.));
#2491=DIRECTION('',(-1.,0.,0.));
#2492=DIRECTION('',(0.,0.,-1.));
#2493=DIRECTION('',(-1.,0.,0.));
#2494=DIRECTION('',(0.,0.,-1.));
#2495=DIRECTION('',(-1.,0.,0.));
#2496=DIRECTION('',(0.,0.,-1.));
#2497=DIRECTION('',(0.,0.,-1.));
#2498=DIRECTION('',(-1.,0.,0.));
#2499=DIRECTION('',(0.,0.,-1.));
#2500=DIRECTION('',(-1.,0.,0.));
#2501=DIRECTION('',(0.,0.,-1.));
#2502=DIRECTION('',(0.,0.,1.));
#2503=DIRECTION('',(0.5,0.866025403784439,0.));
#2504=DIRECTION('',(0.,0.,-1.));
#2505=DIRECTION('',(-1.,0.,0.));
#2506=DIRECTION('',(0.,0.,-1.));
#2507=DIRECTION('',(0.,0.,-1.));
#2508=DIRECTION('',(-1.,0.,0.));
#2509=DIRECTION('',(0.,0.,-1.));
#2510=DIRECTION('',(0.,0.,-1.));
#2511=DIRECTION('',(-1.,0.,0.));
#2512=DIRECTION('',(0.,0.,-1.));
#2513=DIRECTION('',(0.,0.,-1.));
#2514=DIRECTION('',(-1.,0.,0.));
#2515=DIRECTION('',(0.,0.,-1.));
#2516=DIRECTION('',(0.,0.,-1.));
#2517=DIRECTION('',(0.,0.,-1.));
#2518=DIRECTION('',(-1.,0.,0.));
#2519=DIRECTION('',(0.,0.,-1.));
#2520=DIRECTION('',(0.,0.,-1.));
#2521=DIRECTION('',(-1.,0.,0.));
#2522=DIRECTION('',(0.,0.,-1.));
#2523=DIRECTION('',(0.,0.,-1.));
#2524=DIRECTION('',(-1.,0.,0.));
#2525=DIRECTION('',(0.,0.,-1.));
#2526=DIRECTION('',(0.,0.,-1.));
#2527=DIRECTION('',(-1.,0.,0.));
#2528=DIRECTION('',(0.,0.,-1.));
#2529=DIRECTION('',(0.,0.,-1.));
#2530=DIRECTION('',(-1.,0.,0.));
#2531=DIRECTION('',(0.,0.,-1.));
#2532=DIRECTION('',(0.,0.,-1.));
#2533=DIRECTION('',(-1.,0.,0.));
#2534=DIRECTION('',(0.,0.,-1.));
#2535=DIRECTION('',(0.,0.,-1.));
#2536=DIRECTION('',(-1.,0.,0.));
#2537=DIRECTION('',(0.,0.,-1.));
#2538=DIRECTION('',(0.,0.,-1.));
#2539=DIRECTION('',(-1.,0.,0.));
#2540=DIRECTION('',(0.,0.,-1.));
#2541=DIRECTION('',(0.,0.,-1.));
#2542=DIRECTION('',(-1.,0.,0.));
#2543=DIRECTION('',(0.,0.,-1.));
#2544=DIRECTION('',(0.,0.,-1.));
#2545=DIRECTION('',(-1.,0.,0.));
#2546=DIRECTION('',(0.,0.,-1.));
#2547=DIRECTION('',(0.,0.,-1.));
#2548=DIRECTION('',(-1.,0.,0.));
#2549=DIRECTION('',(0.,0.,-1.));
#2550=DIRECTION('',(0.,0.,-1.));
#2551=DIRECTION('',(-1.,0.,0.));
#2552=DIRECTION('',(0.,0.,1.));
#2553=DIRECTION('',(0.5,0.866025403784439,0.));
#2554=DIRECTION('',(0.,0.,-1.));
#2555=DIRECTION('',(-1.,0.,0.));
#2556=DIRECTION('',(0.,0.,-1.));
#2557=DIRECTION('',(-1.,0.,0.));
#2558=DIRECTION('',(0.,0.,1.));
#2559=DIRECTION('',(1.,0.,0.));
#2560=DIRECTION('',(0.,0.,-1.));
#2561=DIRECTION('',(-1.,0.,0.));
#2562=DIRECTION('',(0.,0.,-1.));
#2563=DIRECTION('',(0.,0.,-1.));
#2564=DIRECTION('',(-1.,0.,0.));
#2565=DIRECTION('',(0.,0.,1.));
#2566=DIRECTION('',(1.,0.,0.));
#2567=DIRECTION('',(0.,0.,-1.));
#2568=DIRECTION('',(-1.,0.,0.));
#2569=DIRECTION('',(0.,0.,-1.));
#2570=DIRECTION('',(0.,0.,1.));
#2571=DIRECTION('',(1.,0.,0.));
#2572=DIRECTION('',(0.,0.,-1.));
#2573=DIRECTION('',(0.,0.,-1.));
#2574=DIRECTION('',(-1.,0.,0.));
#2575=DIRECTION('',(0.,0.,-1.));
#2576=DIRECTION('',(0.,0.,-1.));
#2577=DIRECTION('',(-1.,0.,0.));
#2578=DIRECTION('',(0.,0.,-1.));
#2579=DIRECTION('',(-1.,0.,0.));
#2580=DIRECTION('',(0.,0.,1.));
#2581=DIRECTION('',(1.,0.,0.));
#2582=DIRECTION('',(0.,0.,1.));
#2583=DIRECTION('',(1.,0.,0.));
#2584=DIRECTION('',(0.,0.,-1.));
#2585=DIRECTION('',(-1.,0.,0.));
#2586=DIRECTION('',(0.,0.,1.));
#2587=DIRECTION('',(1.,0.,0.));
#2588=DIRECTION('',(0.6,0.8,0.));
#2589=DIRECTION('',(-0.8,0.6,0.));
#2590=DIRECTION('',(0.,0.,-1.));
#2591=DIRECTION('',(-0.6,0.8,0.));
#2592=DIRECTION('',(-0.8,-0.6,0.));
#2593=DIRECTION('',(0.,0.,-1.));
#2594=DIRECTION('',(0.6,0.8,0.));
#2595=DIRECTION('',(-0.8,0.6,0.));
#2596=DIRECTION('',(0.,0.,-1.));
#2597=DIRECTION('',(-0.6,0.8,0.));
#2598=DIRECTION('',(-0.8,-0.6,0.));
#2599=DIRECTION('',(0.,0.,-1.));
#2600=DIRECTION('',(0.,0.,-1.));
#2601=DIRECTION('',(-1.,0.,0.));
#2602=DIRECTION('',(0.,0.,1.));
#2603=DIRECTION('',(1.,0.,0.));
#2604=DIRECTION('',(0.,0.,-1.));
#2605=DIRECTION('',(-1.,0.,0.));
#2606=DIRECTION('',(0.,0.,-1.));
#2607=DIRECTION('',(-1.,0.,0.));
#2608=DIRECTION('',(0.,0.,1.));
#2609=DIRECTION('',(1.,0.,0.));
#2610=DIRECTION('',(0.,0.,-1.));
#2611=DIRECTION('',(-1.,0.,0.));
#2612=DIRECTION('',(0.,0.,-1.));
#2613=DIRECTION('',(-1.,0.,0.));
#2614=DIRECTION('',(0.,0.,1.));
#2615=DIRECTION('',(1.,0.,0.));
#2616=DIRECTION('',(0.,0.,-1.));
#2617=DIRECTION('',(-1.,0.,0.));
#2618=DIRECTION('',(0.,0.,1.));
#2619=DIRECTION('',(1.,0.,0.));
#2620=DIRECTION('',(-0.992820323027551,0.119615242270662,0.));
#2621=DIRECTION('',(-0.119615242270662,-0.992820323027551,0.));
#2622=DIRECTION('',(0.,0.,-1.));
#2623=DIRECTION('',(-0.392820323027551,-0.919615242270663,0.));
#2624=DIRECTION('',(0.919615242270663,-0.392820323027551,0.));
#2625=DIRECTION('',(-0.992820323027551,0.119615242270662,0.));
#2626=DIRECTION('',(-0.119615242270662,-0.992820323027551,0.));
#2627=DIRECTION('',(0.,0.,-1.));
#2628=DIRECTION('',(-0.392820323027551,-0.919615242270663,0.));
#2629=DIRECTION('',(0.919615242270663,-0.392820323027551,0.));
#2630=DIRECTION('',(0.,0.,-1.));
#2631=DIRECTION('',(0.,0.,-1.));
#2632=DIRECTION('',(-1.,0.,0.));
#2633=DIRECTION('',(0.,0.,1.));
#2634=DIRECTION('',(1.,0.,0.));
#2635=DIRECTION('',(0.,0.,-1.));
#2636=DIRECTION('',(-1.,0.,0.));
#2637=DIRECTION('',(0.,0.,-1.));
#2638=DIRECTION('',(0.,0.,-1.));
#2639=DIRECTION('',(-1.,0.,0.));
#2640=DIRECTION('',(0.,0.,1.));
#2641=DIRECTION('',(1.,0.,0.));
#2642=DIRECTION('',(0.,0.,-1.));
#2643=DIRECTION('',(-1.,0.,0.));
#2644=DIRECTION('',(0.,0.,-1.));
#2645=DIRECTION('',(0.,0.,-1.));
#2646=DIRECTION('',(-1.,0.,0.));
#2647=DIRECTION('',(0.,0.,1.));
#2648=DIRECTION('',(1.,0.,0.));
#2649=DIRECTION('',(0.,0.,-1.));
#2650=DIRECTION('',(-1.,0.,0.));
#2651=DIRECTION('',(0.,0.,1.));
#2652=DIRECTION('',(1.,0.,0.));
#2653=DIRECTION('',(-0.6,-0.8,0.));
#2654=DIRECTION('',(0.8,-0.6,0.));
#2655=DIRECTION('',(0.,0.,-1.));
#2656=DIRECTION('',(0.6,-0.8,0.));
#2657=DIRECTION('',(0.8,0.6,0.));
#2658=DIRECTION('',(-0.6,-0.8,0.));
#2659=DIRECTION('',(0.8,-0.6,0.));
#2660=DIRECTION('',(0.,0.,-1.));
#2661=DIRECTION('',(0.6,-0.8,0.));
#2662=DIRECTION('',(0.8,0.6,0.));
#2663=DIRECTION('',(0.,0.,-1.));
#2664=DIRECTION('',(-1.,0.,0.));
#2665=DIRECTION('',(0.,0.,1.));
#2666=DIRECTION('',(1.,0.,0.));
#2667=DIRECTION('',(0.,0.,-1.));
#2668=DIRECTION('',(-1.,0.,0.));
#2669=DIRECTION('',(0.,0.,-1.));
#2670=DIRECTION('',(0.,0.,-1.));
#2671=DIRECTION('',(-1.,0.,0.));
#2672=DIRECTION('',(0.,0.,1.));
#2673=DIRECTION('',(1.,0.,0.));
#2674=DIRECTION('',(0.,0.,-1.));
#2675=DIRECTION('',(-1.,0.,0.));
#2676=DIRECTION('',(0.,0.,-1.));
#2677=DIRECTION('',(0.,0.,-1.));
#2678=DIRECTION('',(-1.,0.,0.));
#2679=DIRECTION('',(0.,0.,1.));
#2680=DIRECTION('',(1.,0.,0.));
#2681=DIRECTION('',(0.,0.,-1.));
#2682=DIRECTION('',(-1.,0.,0.));
#2683=DIRECTION('',(0.,0.,1.));
#2684=DIRECTION('',(1.,0.,0.));
#2685=DIRECTION('',(0.392820323027552,-0.919615242270663,0.));
#2686=DIRECTION('',(0.919615242270663,0.392820323027552,0.));
#2687=DIRECTION('',(0.,0.,-1.));
#2688=DIRECTION('',(0.992820323027551,0.119615242270663,0.));
#2689=DIRECTION('',(-0.119615242270663,0.992820323027551,0.));
#2690=DIRECTION('',(0.392820323027552,-0.919615242270663,0.));
#2691=DIRECTION('',(0.919615242270663,0.392820323027552,0.));
#2692=DIRECTION('',(0.,0.,-1.));
#2693=DIRECTION('',(0.992820323027551,0.119615242270663,0.));
#2694=DIRECTION('',(-0.119615242270663,0.992820323027551,0.));
#2695=DIRECTION('',(0.,0.,-1.));
#2696=DIRECTION('',(-1.,0.,0.));
#2697=DIRECTION('',(0.,0.,1.));
#2698=DIRECTION('',(1.,0.,0.));
#2699=DIRECTION('',(0.,0.,-1.));
#2700=DIRECTION('',(-1.,0.,0.));
#2701=DIRECTION('',(0.,0.,-1.));
#2702=DIRECTION('',(0.,0.,1.));
#2703=DIRECTION('',(1.,0.,0.));
#2704=DIRECTION('',(0.,0.,-1.));
#2705=DIRECTION('',(0.,0.,-1.));
#2706=DIRECTION('',(-1.,0.,0.));
#2707=DIRECTION('',(0.,0.,-1.));
#2708=DIRECTION('',(0.,0.,-1.));
#2709=DIRECTION('',(-1.,0.,0.));
#2710=DIRECTION('',(0.,0.,1.));
#2711=DIRECTION('',(1.,0.,0.));
#2712=DIRECTION('',(0.,0.,-1.));
#2713=DIRECTION('',(-1.,0.,0.));
#2714=DIRECTION('',(0.,0.,-1.));
#2715=DIRECTION('',(0.,0.,-1.));
#2716=DIRECTION('',(-1.,0.,0.));
#2717=DIRECTION('',(0.,0.,-1.));
#2718=DIRECTION('',(-1.,0.,0.));
#2719=DIRECTION('',(0.,0.,1.));
#2720=DIRECTION('',(1.,0.,0.));
#2721=DIRECTION('',(0.,0.,1.));
#2722=DIRECTION('',(1.,0.,0.));
#2723=DIRECTION('',(0.,0.,-1.));
#2724=DIRECTION('',(-1.,0.,0.));
#2725=DIRECTION('',(0.,0.,1.));
#2726=DIRECTION('',(1.,0.,0.));
#2727=DIRECTION('',(0.992820323027551,-0.119615242270662,0.));
#2728=DIRECTION('',(0.119615242270662,0.992820323027551,0.));
#2729=DIRECTION('',(0.,0.,-1.));
#2730=DIRECTION('',(0.392820323027552,0.919615242270663,0.));
#2731=DIRECTION('',(-0.919615242270663,0.392820323027552,0.));
#2732=DIRECTION('',(0.992820323027551,-0.119615242270662,0.));
#2733=DIRECTION('',(0.119615242270662,0.992820323027551,0.));
#2734=DIRECTION('',(0.,0.,-1.));
#2735=DIRECTION('',(0.392820323027552,0.919615242270663,0.));
#2736=DIRECTION('',(-0.919615242270663,0.392820323027552,0.));
#2737=DIRECTION('',(0.,0.,-1.));
#2738=DIRECTION('',(0.,0.,-1.));
#2739=DIRECTION('',(-1.,0.,0.));
#2740=DIRECTION('',(0.,0.,1.));
#2741=DIRECTION('',(1.,0.,0.));
#2742=DIRECTION('',(0.,0.,-1.));
#2743=DIRECTION('',(-1.,0.,0.));
#2744=DIRECTION('',(0.,0.,-1.));
#2745=DIRECTION('',(-1.,0.,0.));
#2746=DIRECTION('',(0.,0.,1.));
#2747=DIRECTION('',(1.,0.,0.));
#2748=DIRECTION('',(0.,0.,-1.));
#2749=DIRECTION('',(-1.,0.,0.));
#2750=DIRECTION('',(0.,0.,-1.));
#2751=DIRECTION('',(-1.,0.,0.));
#2752=DIRECTION('',(0.,0.,1.));
#2753=DIRECTION('',(1.,0.,0.));
#2754=DIRECTION('',(0.,0.,-1.));
#2755=DIRECTION('',(-1.,0.,0.));
#2756=DIRECTION('',(0.,0.,1.));
#2757=DIRECTION('',(1.,0.,0.));
#2758=DIRECTION('',(0.,0.,-1.));
#2759=DIRECTION('',(-1.,0.,0.));
#2760=DIRECTION('',(0.,0.,1.));
#2761=DIRECTION('',(1.,0.,0.));
#2762=DIRECTION('',(0.,0.,1.));
#2763=DIRECTION('',(1.,0.,0.));
#2764=DIRECTION('',(0.,0.,-1.));
#2765=DIRECTION('',(0.,0.,1.));
#2766=DIRECTION('',(1.,0.,0.));
#2767=DIRECTION('',(0.,0.,-1.));
#2768=DIRECTION('',(0.,0.,1.));
#2769=DIRECTION('',(1.,0.,0.));
#2770=DIRECTION('',(0.,0.,-1.));
#2771=DIRECTION('',(0.,0.,1.));
#2772=DIRECTION('',(1.,0.,0.));
#2773=DIRECTION('',(0.,0.,-1.));
#2774=DIRECTION('',(0.,0.,1.));
#2775=DIRECTION('',(1.,0.,0.));
#2776=DIRECTION('',(0.,0.,-1.));
#2777=DIRECTION('',(0.,0.,1.));
#2778=DIRECTION('',(1.,0.,0.));
#2779=DIRECTION('',(0.,0.,-1.));
#2780=DIRECTION('',(0.,0.,1.));
#2781=DIRECTION('',(1.,0.,0.));
#2782=DIRECTION('',(0.,0.,-1.));
#2783=DIRECTION('',(0.,0.,1.));
#2784=DIRECTION('',(1.,0.,0.));
#2785=DIRECTION('',(0.,0.,-1.));
#2786=DIRECTION('',(0.,0.,-1.));
#2787=DIRECTION('',(-1.,0.,0.));
#2788=DIRECTION('',(0.,0.,-1.));
#2789=DIRECTION('',(0.,0.,-1.));
#2790=DIRECTION('',(0.,0.,-1.));
#2791=DIRECTION('',(-1.,0.,0.));
#2792=DIRECTION('',(0.,0.,-1.));
#2793=DIRECTION('',(-1.,0.,0.));
#2794=DIRECTION('',(0.,0.,-1.));
#2795=DIRECTION('',(0.,0.,-1.));
#2796=DIRECTION('',(-1.,0.,0.));
#2797=DIRECTION('',(0.,0.,-1.));
#2798=DIRECTION('',(0.,0.,-1.));
#2799=DIRECTION('',(-1.,0.,0.));
#2800=DIRECTION('',(0.,0.,-1.));
#2801=DIRECTION('',(0.,0.,-1.));
#2802=DIRECTION('',(0.,0.,-1.));
#2803=DIRECTION('',(-1.,0.,0.));
#2804=DIRECTION('',(0.,0.,-1.));
#2805=DIRECTION('',(-1.,0.,0.));
#2806=DIRECTION('',(0.,0.,-1.));
#2807=DIRECTION('',(0.,0.,-1.));
#2808=DIRECTION('',(0.,0.,-1.));
#2809=DIRECTION('',(-1.,0.,0.));
#2810=DIRECTION('',(0.,0.,-1.));
#2811=DIRECTION('',(-1.,0.,0.));
#2812=DIRECTION('',(0.,0.,-1.));
#2813=DIRECTION('',(0.,0.,-1.));
#2814=DIRECTION('',(-1.,0.,0.));
#2815=DIRECTION('',(0.,0.,-1.));
#2816=DIRECTION('',(0.,0.,1.));
#2817=DIRECTION('',(1.,0.,0.));
#2818=DIRECTION('',(0.,0.,-1.));
#2819=DIRECTION('',(-1.,0.,0.));
#2820=DIRECTION('',(0.,0.,1.));
#2821=DIRECTION('',(1.,0.,0.));
#2822=DIRECTION('',(-0.999999988374914,-0.000152480070276446,0.));
#2823=DIRECTION('',(0.,0.,1.));
#2824=DIRECTION('',(-1.83697019872103E-16,-1.,0.));
#2825=DIRECTION('',(0.,0.,1.));
#2826=DIRECTION('',(1.,0.,0.));
#2827=DIRECTION('',(0.,0.,1.));
#2828=DIRECTION('',(-1.83697019872103E-16,-1.,0.));
#2829=DIRECTION('',(-0.999999988374914,0.000152480070276763,0.));
#2830=DIRECTION('',(0.00015248007027663,-0.999999988374914,0.));
#2831=DIRECTION('',(0.,0.,1.));
#2832=DIRECTION('',(1.,0.,0.));
#2833=DIRECTION('',(0.,0.,1.));
#2834=DIRECTION('',(1.,0.,0.));
#2835=DIRECTION('',(0.,0.,1.));
#2836=DIRECTION('',(1.,0.,0.));
#2837=DIRECTION('',(-0.00015248007027658,-0.999999988374914,0.));
#2838=DIRECTION('',(0.999999988374914,0.000152480070276569,0.));
#2839=DIRECTION('',(0.,0.,1.));
#2840=DIRECTION('',(6.12323399573677E-17,1.,0.));
#2841=DIRECTION('',(0.,0.,1.));
#2842=DIRECTION('',(1.,0.,0.));
#2843=DIRECTION('',(0.,0.,1.));
#2844=DIRECTION('',(6.12323399573677E-17,1.,0.));
#2845=DIRECTION('',(0.999999988374914,-0.000152480070276641,0.));
#2846=DIRECTION('',(-0.000152480070276508,0.999999988374914,0.));
#2847=DIRECTION('',(0.,0.,1.));
#2848=DIRECTION('',(-1.,1.22464679914735E-16,0.));
#2849=DIRECTION('',(0.,0.,1.));
#2850=DIRECTION('',(1.,0.,0.));
#2851=DIRECTION('',(0.,0.,1.));
#2852=DIRECTION('',(-1.,1.22464679914735E-16,0.));
#2853=DIRECTION('',(0.000152480070276703,0.999999988374914,0.));
#2854=DIRECTION('',(0.,0.,-1.));
#2855=DIRECTION('',(-1.,0.,0.));
#2856=DIRECTION('',(0.,0.,1.));
#2857=DIRECTION('',(1.,0.,0.));
#2858=DIRECTION('',(0.,0.,1.));
#2859=DIRECTION('',(1.,0.,0.));
#2860=DIRECTION('',(0.,0.,1.));
#2861=DIRECTION('',(1.,0.,0.));
#2862=DIRECTION('',(0.,0.,1.));
#2863=DIRECTION('',(1.,0.,0.));
#2864=DIRECTION('',(0.,0.,1.));
#2865=DIRECTION('',(1.,0.,0.));
#2866=DIRECTION('',(0.,0.,-1.));
#2867=DIRECTION('',(-1.,0.,0.));
#2868=DIRECTION('',(0.,0.,-1.));
#2869=DIRECTION('',(-1.,0.,0.));
#2870=DIRECTION('',(0.,0.,-1.));
#2871=DIRECTION('',(-1.,0.,0.));
#2872=DIRECTION('',(0.,0.,1.));
#2873=DIRECTION('',(1.,0.,0.));
#2874=DIRECTION('',(0.,0.,1.));
#2875=DIRECTION('',(1.,0.,0.));
#2876=DIRECTION('',(0.,0.,-1.));
#2877=DIRECTION('',(-1.,0.,0.));
#2878=DIRECTION('',(0.,0.,-1.));
#2879=DIRECTION('',(-1.,0.,0.));
#2880=DIRECTION('',(0.,0.,-1.));
#2881=DIRECTION('',(-1.,0.,0.));
#2882=DIRECTION('',(0.,0.,1.));
#2883=DIRECTION('',(1.,0.,0.));
#2884=DIRECTION('',(0.,0.,1.));
#2885=DIRECTION('',(-1.,1.22464679914735E-16,0.));
#2886=DIRECTION('',(0.,0.,1.));
#2887=DIRECTION('',(-1.,1.22464679914735E-16,0.));
#2888=DIRECTION('',(0.,0.,1.));
#2889=DIRECTION('',(-1.,1.22464679914735E-16,0.));
#2890=DIRECTION('',(0.,0.,-1.));
#2891=DIRECTION('',(1.,-1.22464679914735E-16,0.));
#2892=DIRECTION('',(0.,0.,-1.));
#2893=DIRECTION('',(-1.,0.,0.));
#2894=DIRECTION('',(0.,0.,-1.));
#2895=DIRECTION('',(1.,-1.22464679914735E-16,0.));
#2896=DIRECTION('',(0.,0.,-1.));
#2897=DIRECTION('',(1.83697019872103E-16,1.,0.));
#2898=DIRECTION('',(0.,0.,-1.));
#2899=DIRECTION('',(-1.,0.,0.));
#2900=DIRECTION('',(0.,0.,-1.));
#2901=DIRECTION('',(-6.12323399573677E-17,-1.,0.));
#2902=DIRECTION('',(0.,0.,-1.));
#2903=DIRECTION('',(1.,-1.22464679914735E-16,0.));
#2904=DIRECTION('',(0.,0.,1.));
#2905=DIRECTION('',(-1.,1.22464679914735E-16,0.));
#2906=DIRECTION('',(0.,0.,1.));
#2907=DIRECTION('',(1.,0.,0.));
#2908=DIRECTION('',(0.00015248007027663,-0.999999988374914,0.));
#2909=DIRECTION('',(-0.00015248007027658,-0.999999988374914,0.));
#2910=DIRECTION('',(0.,0.,1.));
#2911=DIRECTION('',(1.,0.,0.));
#2912=DIRECTION('',(-0.991900826446248,-0.127014764871056,0.));
#2913=DIRECTION('',(0.,0.,1.));
#2914=DIRECTION('',(1.,0.,0.));
#2915=DIRECTION('',(0.,0.,1.));
#2916=DIRECTION('',(6.12323399573677E-17,1.,0.));
#2917=DIRECTION('',(0.999999988374914,0.000152480070276569,0.));
#2918=DIRECTION('',(0.999999988374914,-0.000152480070276641,0.));
#2919=DIRECTION('',(0.,0.,1.));
#2920=DIRECTION('',(6.12323399573677E-17,1.,0.));
#2921=DIRECTION('',(0.,0.,1.));
#2922=DIRECTION('',(1.,0.,0.));
#2923=DIRECTION('',(0.,0.,1.));
#2924=DIRECTION('',(-1.,1.22464679914735E-16,0.));
#2925=DIRECTION('',(-0.000152480070276508,0.999999988374914,0.));
#2926=DIRECTION('',(0.000152480070276703,0.999999988374914,0.));
#2927=DIRECTION('',(0.,0.,1.));
#2928=DIRECTION('',(-1.,1.22464679914735E-16,0.));
#2929=DIRECTION('',(0.,0.,1.));
#2930=DIRECTION('',(1.,0.,0.));
#2931=DIRECTION('',(0.,0.,1.));
#2932=DIRECTION('',(-1.83697019872103E-16,-1.,0.));
#2933=DIRECTION('',(-0.999999988374914,-0.000152480070276446,0.));
#2934=DIRECTION('',(-0.999999988374914,0.000152480070276763,0.));
#2935=DIRECTION('',(0.,0.,1.));
#2936=DIRECTION('',(-1.83697019872103E-16,-1.,0.));
#2937=DIRECTION('',(0.,0.,1.));
#2938=DIRECTION('',(1.,0.,0.));
#2939=DIRECTION('',(-0.991867600474372,0.127273968780784,0.));
#2940=DIRECTION('',(0.,0.,1.));
#2941=DIRECTION('',(1.,0.,0.));
#2942=DIRECTION('',(0.,0.,-1.));
#2943=DIRECTION('',(1.,-1.22464679914735E-16,0.));
#2944=DIRECTION('',(0.,0.,-1.));
#2945=DIRECTION('',(0.,0.,-1.));
#2946=DIRECTION('',(0.,0.,-1.));
#2947=DIRECTION('',(1.,-1.22464679914735E-16,0.));
#2948=DIRECTION('',(0.,0.,-1.));
#2949=DIRECTION('',(0.,0.,-1.));
#2950=DIRECTION('',(-0.999999988374914,0.000152480070276703,0.));
#2951=DIRECTION('',(-0.000152480070276703,-0.999999988374914,0.));
#2952=DIRECTION('',(-0.999999988374914,-0.000152480070276508,0.));
#2953=DIRECTION('',(0.000152480070276508,-0.999999988374914,0.));
#2954=DIRECTION('',(0.,0.,-1.));
#2955=DIRECTION('',(-1.,0.,0.));
#2956=DIRECTION('',(0.,0.,-1.));
#2957=DIRECTION('',(0.,0.,-1.));
#2958=DIRECTION('',(0.,0.,-1.));
#2959=DIRECTION('',(0.,0.,1.));
#2960=DIRECTION('',(1.,0.,0.));
#2961=DIRECTION('',(0.,0.,-1.));
#2962=DIRECTION('',(0.,0.,-1.));
#2963=DIRECTION('',(0.,0.,-1.));
#2964=DIRECTION('',(0.,0.,-1.));
#2965=DIRECTION('',(-6.12323399573677E-17,-1.,0.));
#2966=DIRECTION('',(0.,0.,-1.));
#2967=DIRECTION('',(0.,0.,-1.));
#2968=DIRECTION('',(-6.12323399573677E-17,-1.,0.));
#2969=DIRECTION('',(0.,0.,-1.));
#2970=DIRECTION('',(0.000152480070276641,0.999999988374914,0.));
#2971=DIRECTION('',(-0.999999988374914,0.000152480070276641,0.));
#2972=DIRECTION('',(-0.000152480070276569,0.999999988374914,0.));
#2973=DIRECTION('',(-0.999999988374914,-0.000152480070276569,0.));
#2974=DIRECTION('',(0.,0.,-1.));
#2975=DIRECTION('',(-1.,0.,0.));
#2976=DIRECTION('',(0.,0.,-1.));
#2977=DIRECTION('',(0.,0.,-1.));
#2978=DIRECTION('',(0.999999988374914,-0.00015248007027658,0.));
#2979=DIRECTION('',(0.00015248007027658,0.999999988374914,0.));
#2980=DIRECTION('',(0.,0.,-1.));
#2981=DIRECTION('',(-1.,0.,0.));
#2982=DIRECTION('',(0.,0.,-1.));
#2983=DIRECTION('',(0.,0.,-1.));
#2984=DIRECTION('',(0.999999988374914,0.00015248007027663,0.));
#2985=DIRECTION('',(-0.00015248007027663,0.999999988374914,0.));
#2986=DIRECTION('',(0.,0.,-1.));
#2987=DIRECTION('',(1.83697019872103E-16,1.,0.));
#2988=DIRECTION('',(0.,0.,-1.));
#2989=DIRECTION('',(0.,0.,-1.));
#2990=DIRECTION('',(1.83697019872103E-16,1.,0.));
#2991=DIRECTION('',(0.,0.,-1.));
#2992=DIRECTION('',(-0.000152480070276763,-0.999999988374914,0.));
#2993=DIRECTION('',(0.999999988374914,-0.000152480070276763,0.));
#2994=DIRECTION('',(0.000152480070276446,-0.999999988374914,0.));
#2995=DIRECTION('',(0.999999988374914,0.000152480070276446,0.));
#2996=DIRECTION('',(0.,0.,-1.));
#2997=DIRECTION('',(-1.,0.,0.));
#2998=DIRECTION('',(0.,0.,-1.));
#2999=DIRECTION('',(0.,0.,-1.));
#3000=DIRECTION('',(0.,0.,1.));
#3001=DIRECTION('',(1.,0.,0.));
#3002=DIRECTION('',(0.127014764871056,-0.991900826446248,0.));
#3003=DIRECTION('',(0.991900826446248,0.127014764871056,0.));
#3004=DIRECTION('',(-0.991900826446248,-0.127014764871056,0.));
#3005=DIRECTION('',(-0.127273968780784,-0.991867600474372,0.));
#3006=DIRECTION('',(0.991867600474372,-0.127273968780784,0.));
#3007=DIRECTION('',(-0.991867600474372,0.127273968780784,0.));
#3008=DIRECTION('',(0.,0.,-1.));
#3009=DIRECTION('',(-1.,0.,0.));
#3010=DIRECTION('',(0.,0.,1.));
#3011=DIRECTION('',(1.,0.,0.));
#3012=DIRECTION('',(0.,0.,1.));
#3013=DIRECTION('',(1.,0.,0.));
#3014=DIRECTION('',(0.,0.,1.));
#3015=DIRECTION('',(1.,0.,0.));
#3016=DIRECTION('',(0.,0.,1.));
#3017=DIRECTION('',(1.,0.,0.));
#3018=DIRECTION('',(0.,0.,1.));
#3019=DIRECTION('',(1.,0.,0.));
#3020=DIRECTION('',(0.,0.,1.));
#3021=DIRECTION('',(1.,0.,0.));
#3022=DIRECTION('',(0.,0.,1.));
#3023=DIRECTION('',(1.,0.,0.));
#3024=DIRECTION('',(0.,0.,1.));
#3025=DIRECTION('',(1.,0.,0.));
#3026=DIRECTION('',(0.,0.,-1.));
#3027=DIRECTION('',(-1.,0.,0.));
#3028=DIRECTION('',(0.,0.,1.));
#3029=DIRECTION('',(1.,0.,0.));
#3030=DIRECTION('',(0.,0.,-1.));
#3031=DIRECTION('',(-1.,0.,0.));
#3032=DIRECTION('',(0.,0.,1.));
#3033=DIRECTION('',(1.,0.,0.));
#3034=DIRECTION('',(0.,0.,1.));
#3035=DIRECTION('',(1.,0.,0.));
#3036=DIRECTION('',(0.,0.,-1.));
#3037=DIRECTION('',(-1.,0.,0.));
#3038=DIRECTION('',(0.,0.,1.));
#3039=DIRECTION('',(1.,0.,0.));
#3040=DIRECTION('',(0.,0.,1.));
#3041=DIRECTION('',(1.,0.,0.));
#3042=DIRECTION('',(0.,0.,-1.));
#3043=DIRECTION('',(-1.,0.,0.));
#3044=DIRECTION('',(0.,0.,1.));
#3045=DIRECTION('',(1.,0.,0.));
#3046=DIRECTION('',(0.,0.,1.));
#3047=DIRECTION('',(1.,0.,0.));
#3048=DIRECTION('',(0.,0.,-1.));
#3049=DIRECTION('',(-1.,0.,0.));
#3050=DIRECTION('',(0.,0.,1.));
#3051=DIRECTION('',(1.,0.,0.));
#3052=DIRECTION('',(0.,0.,1.));
#3053=DIRECTION('',(1.,0.,0.));
#3054=DIRECTION('',(0.,0.,1.));
#3055=DIRECTION('',(1.,0.,0.));
#3056=DIRECTION('',(0.,0.,1.));
#3057=DIRECTION('',(1.,0.,0.));
#3058=DIRECTION('',(0.,0.,-1.));
#3059=DIRECTION('',(-1.,0.,0.));
#3060=DIRECTION('',(0.,0.,1.));
#3061=DIRECTION('',(1.,0.,0.));
#3062=DIRECTION('',(0.,0.,1.));
#3063=DIRECTION('',(1.,0.,0.));
#3064=DIRECTION('',(0.,0.,1.));
#3065=DIRECTION('',(1.,0.,0.));
#3066=DIRECTION('',(0.,0.,1.));
#3067=DIRECTION('',(1.,0.,0.));
#3068=DIRECTION('',(0.,0.,1.));
#3069=DIRECTION('',(1.,0.,0.));
#3070=DIRECTION('',(0.,0.,1.));
#3071=DIRECTION('',(1.,0.,0.));
#3072=DIRECTION('',(0.,0.,1.));
#3073=DIRECTION('',(1.,0.,0.));
#3074=DIRECTION('',(0.,0.,1.));
#3075=DIRECTION('',(1.,0.,0.));
#3076=DIRECTION('',(0.,0.,1.));
#3077=DIRECTION('',(1.,0.,0.));
#3078=DIRECTION('',(0.,0.,1.));
#3079=DIRECTION('',(1.,0.,0.));
#3080=DIRECTION('',(0.,0.,1.));
#3081=DIRECTION('',(1.,0.,0.));
#3082=DIRECTION('',(0.,0.,1.));
#3083=DIRECTION('',(1.,0.,0.));
#3084=DIRECTION('',(0.,0.,1.));
#3085=DIRECTION('',(1.,0.,0.));
#3086=DIRECTION('',(0.,0.,1.));
#3087=DIRECTION('',(1.,0.,0.));
#3088=CARTESIAN_POINT('',(0.,0.,0.));
#3089=CARTESIAN_POINT('',(-0.0104718692272587,-0.0224154212599349,0.02));
#3090=CARTESIAN_POINT('',(-0.00954591000209287,-0.0220198910585848,0.014));
#3091=CARTESIAN_POINT('',(-0.0101662932496619,-0.0222848922639902,0.0136734049910689));
#3092=CARTESIAN_POINT('',(-0.0107833906393833,-0.0225484898913755,0.0133396145076964));
#3093=CARTESIAN_POINT('',(-0.0113978284524245,-0.0228109514612851,0.013));
#3094=CARTESIAN_POINT('',(-0.00954591000209288,-0.0220198910585848,0.014));
#3095=CARTESIAN_POINT('',(-0.0113978284524245,-0.0228109514612851,0.013));
#3096=CARTESIAN_POINT('',(-0.00954591000209288,-0.0220198910585848,0.025));
#3097=CARTESIAN_POINT('',(-0.00954591000209288,-0.0220198910585848,0.018));
#3098=CARTESIAN_POINT('',(-0.0113978284524245,-0.0228109514612851,0.019));
#3099=CARTESIAN_POINT('',(-0.0107833906393833,-0.0225484898913755,0.0186603854923036));
#3100=CARTESIAN_POINT('',(-0.0101662932496619,-0.0222848922639902,0.0183265950089311));
#3101=CARTESIAN_POINT('',(-0.00954591000209287,-0.0220198910585848,0.018));
#3102=CARTESIAN_POINT('',(-0.0113978284524245,-0.0228109514612851,0.019));
#3103=CARTESIAN_POINT('',(-0.0113978284524245,-0.0228109514612851,0.02));
#3104=CARTESIAN_POINT('',(-0.0141763896340041,-0.020276615405882,0.02));
#3105=CARTESIAN_POINT('',(-0.0142968300442538,-0.0192769460933448,0.025));
#3106=CARTESIAN_POINT('',(-0.0142968300442538,-0.0192769460933448,0.018));
#3107=CARTESIAN_POINT('',(-0.0142968300442538,-0.0192769460933448,0.014));
#3108=CARTESIAN_POINT('',(-0.0142968300442538,-0.0192769460933448,0.014));
#3109=CARTESIAN_POINT('',(-0.0142161361964445,-0.0199467143480213,0.0136734049913143));
#3110=CARTESIAN_POINT('',(-0.0141358697432721,-0.0206129351778604,0.0133396145079343));
#3111=CARTESIAN_POINT('',(-0.0140559492237544,-0.0212762847184192,0.013));
#3112=CARTESIAN_POINT('',(-0.0140559492237544,-0.0212762847184192,0.013));
#3113=CARTESIAN_POINT('',(-0.0140559492237544,-0.0212762847184192,0.02));
#3114=CARTESIAN_POINT('',(-0.0140559492237544,-0.0212762847184192,0.019));
#3115=CARTESIAN_POINT('',(-0.0140559492237544,-0.0212762847184192,0.019));
#3116=CARTESIAN_POINT('',(-0.0141358697432721,-0.0206129351778604,0.0186603854920657));
#3117=CARTESIAN_POINT('',(-0.0142161361964445,-0.0199467143480213,0.0183265950086857));
#3118=CARTESIAN_POINT('',(-0.0142968300442538,-0.0192769460933448,0.018));
#3119=CARTESIAN_POINT('',(-1.7347234759768E-18,-3.00462919747432E-18,0.005));
#3120=CARTESIAN_POINT('',(0.,1.46957615897682E-18,0.005));
#3121=CARTESIAN_POINT('',(-0.0239819444444445,-0.000930774228038269,0.005));
#3122=CARTESIAN_POINT('',(-0.000930774228038263,-0.0239819444444445,0.005));
#3123=CARTESIAN_POINT('',(-2.62407295334898E-18,-0.0225,0.005));
#3124=CARTESIAN_POINT('',(0.000930774228038257,-0.0239819444444445,0.005));
#3125=CARTESIAN_POINT('',(0.,1.46957615897682E-18,0.005));
#3126=CARTESIAN_POINT('',(0.0239819444444445,-0.000930774228038264,0.005));
#3127=CARTESIAN_POINT('',(0.0225,-4.00180060238975E-18,0.005));
#3128=CARTESIAN_POINT('',(0.0239819444444445,0.00093077422803826,0.005));
#3129=CARTESIAN_POINT('',(0.,1.46957615897682E-18,0.005));
#3130=CARTESIAN_POINT('',(0.00093077422803826,0.0239819444444445,0.005));
#3131=CARTESIAN_POINT('',(-1.31382344732563E-19,0.0225,0.005));
#3132=CARTESIAN_POINT('',(-0.00093077422803826,0.0239819444444445,0.005));
#3133=CARTESIAN_POINT('',(0.,1.46957615897682E-18,0.005));
#3134=CARTESIAN_POINT('',(-0.0239819444444445,0.000930774228038261,0.005));
#3135=CARTESIAN_POINT('',(-0.0225,1.24634530430821E-18,0.005));
#3136=CARTESIAN_POINT('',(-2.15076489848007E-16,-3.66581632944032E-16,0.005));
#3137=CARTESIAN_POINT('',(0.0127499999999996,0.0220836477965025,0.005));
#3138=CARTESIAN_POINT('',(-0.0104718692272587,-0.0224154212599349,0.02));
#3139=CARTESIAN_POINT('',(-0.0113978284524245,-0.0228109514612851,0.02));
#3140=CARTESIAN_POINT('',(-0.0113978284524245,-0.0228109514612851,0.012));
#3141=CARTESIAN_POINT('',(-0.0113978284524245,-0.0228109514612851,0.006));
#3142=CARTESIAN_POINT('',(-0.0113978284524245,-0.0228109514612851,0.00599999999999999));
#3143=CARTESIAN_POINT('',(-0.0107833906393833,-0.0225484898913755,0.00633961450769635));
#3144=CARTESIAN_POINT('',(-0.0101662932496619,-0.0222848922639902,0.00667340499106886));
#3145=CARTESIAN_POINT('',(-0.00954591000209288,-0.0220198910585848,0.00699999999999999));
#3146=CARTESIAN_POINT('',(-0.00954591000209289,-0.0220198910585848,0.007));
#3147=CARTESIAN_POINT('',(-0.00954591000209288,-0.0220198910585848,0.025));
#3148=CARTESIAN_POINT('',(-0.00954591000209288,-0.0220198910585848,0.011));
#3149=CARTESIAN_POINT('',(-0.0113978284524245,-0.0228109514612851,0.012));
#3150=CARTESIAN_POINT('',(-0.0107833906393833,-0.0225484898913755,0.0116603854923036));
#3151=CARTESIAN_POINT('',(-0.0101662932496619,-0.0222848922639902,0.0113265950089311));
#3152=CARTESIAN_POINT('',(-0.00954591000209287,-0.0220198910585848,0.011));
#3153=CARTESIAN_POINT('',(-0.0141763896340041,-0.020276615405882,0.02));
#3154=CARTESIAN_POINT('',(-0.0140559492237544,-0.0212762847184192,0.00600000000000001));
#3155=CARTESIAN_POINT('',(-0.0141358697432721,-0.0206129351778604,0.00633961450793426));
#3156=CARTESIAN_POINT('',(-0.0142161361964445,-0.0199467143480213,0.00667340499131429));
#3157=CARTESIAN_POINT('',(-0.0142968300442538,-0.0192769460933448,0.00699999999999999));
#3158=CARTESIAN_POINT('',(-0.0140559492237544,-0.0212762847184192,0.006));
#3159=CARTESIAN_POINT('',(-0.0142968300442538,-0.0192769460933448,0.007));
#3160=CARTESIAN_POINT('',(-0.0140559492237544,-0.0212762847184192,0.02));
#3161=CARTESIAN_POINT('',(-0.0140559492237544,-0.0212762847184192,0.012));
#3162=CARTESIAN_POINT('',(-0.0140559492237544,-0.0212762847184192,0.012));
#3163=CARTESIAN_POINT('',(-0.0141358697432721,-0.0206129351778604,0.0116603854920657));
#3164=CARTESIAN_POINT('',(-0.0142161361964445,-0.0199467143480213,0.0113265950086857));
#3165=CARTESIAN_POINT('',(-0.0142968300442538,-0.0192769460933448,0.011));
#3166=CARTESIAN_POINT('',(-0.0142968300442538,-0.0192769460933448,0.011));
#3167=CARTESIAN_POINT('',(-0.0142968300442538,-0.0192769460933448,0.025));
#3168=CARTESIAN_POINT('',(-2.15076489848007E-16,-3.66581632944032E-16,0.02));
#3169=CARTESIAN_POINT('',(0.,0.,0.019));
#3170=CARTESIAN_POINT('',(0.0113978284524245,-0.0228109514612851,0.019));
#3171=CARTESIAN_POINT('',(0.0113978284524245,-0.0228109514612851,0.02));
#3172=CARTESIAN_POINT('',(0.0113978284524245,-0.0228109514612851,0.013));
#3173=CARTESIAN_POINT('',(0.,0.,0.013));
#3174=CARTESIAN_POINT('',(0.,0.,0.012));
#3175=CARTESIAN_POINT('',(0.0113978284524245,-0.0228109514612851,0.012));
#3176=CARTESIAN_POINT('',(0.0113978284524245,-0.0228109514612851,0.02));
#3177=CARTESIAN_POINT('',(0.0113978284524245,-0.0228109514612851,0.006));
#3178=CARTESIAN_POINT('',(0.,0.,0.006));
#3179=CARTESIAN_POINT('',(0.,0.,0.019));
#3180=CARTESIAN_POINT('',(-0.0254537776761789,-0.00153466674286587,0.0189999999999997));
#3181=CARTESIAN_POINT('',(0.,0.,0.013));
#3182=CARTESIAN_POINT('',(-0.0254537776761789,-0.00153466674286587,0.0130000000000003));
#3183=CARTESIAN_POINT('',(-0.0254537776761789,-0.00153466674286587,0.02));
#3184=CARTESIAN_POINT('',(0.,0.,0.012));
#3185=CARTESIAN_POINT('',(-0.0254537776761789,-0.00153466674286587,0.0119999999999997));
#3186=CARTESIAN_POINT('',(0.,0.,0.006));
#3187=CARTESIAN_POINT('',(-0.0254537776761789,-0.00153466674286587,0.00600000000000029));
#3188=CARTESIAN_POINT('',(-0.0254537776761789,-0.00153466674286587,0.02));
#3189=CARTESIAN_POINT('',(-2.15076489848007E-16,-3.66581632944032E-16,0.02));
#3190=CARTESIAN_POINT('',(0.0127499999999996,0.0220836477965025,0.02));
#3191=CARTESIAN_POINT('',(0.,0.,0.019));
#3192=CARTESIAN_POINT('',(-0.0254537776761789,0.00153466674286588,0.0189999999999997));
#3193=CARTESIAN_POINT('',(-0.0140559492237544,0.0212762847184192,0.019));
#3194=CARTESIAN_POINT('',(-0.0254537776761789,0.00153466674286588,0.02));
#3195=CARTESIAN_POINT('',(-0.0254537776761789,0.00153466674286588,0.0130000000000003));
#3196=CARTESIAN_POINT('',(0.,0.,0.013));
#3197=CARTESIAN_POINT('',(-0.0140559492237544,0.0212762847184192,0.013));
#3198=CARTESIAN_POINT('',(-0.0140559492237544,0.0212762847184192,0.02));
#3199=CARTESIAN_POINT('',(0.,0.,0.012));
#3200=CARTESIAN_POINT('',(-0.0254537776761789,0.00153466674286588,0.0119999999999997));
#3201=CARTESIAN_POINT('',(-0.0140559492237544,0.0212762847184192,0.012));
#3202=CARTESIAN_POINT('',(-0.0254537776761789,0.00153466674286588,0.02));
#3203=CARTESIAN_POINT('',(-0.0254537776761789,0.00153466674286588,0.00600000000000029));
#3204=CARTESIAN_POINT('',(0.,0.,0.006));
#3205=CARTESIAN_POINT('',(-0.0140559492237544,0.0212762847184192,0.006));
#3206=CARTESIAN_POINT('',(-0.0140559492237544,0.0212762847184192,0.02));
#3207=CARTESIAN_POINT('',(0.0140559492237544,-0.0212762847184192,0.02));
#3208=CARTESIAN_POINT('',(0.0140559492237544,-0.0212762847184192,0.019));
#3209=CARTESIAN_POINT('',(0.0140559492237544,-0.0212762847184192,0.013));
#3210=CARTESIAN_POINT('',(0.,0.,0.019));
#3211=CARTESIAN_POINT('',(0.0254537776761789,-0.00153466674286587,0.0189999999999997));
#3212=CARTESIAN_POINT('',(0.0254537776761789,-0.00153466674286587,0.02));
#3213=CARTESIAN_POINT('',(0.0254537776761789,-0.00153466674286587,0.0130000000000003));
#3214=CARTESIAN_POINT('',(0.,0.,0.013));
#3215=CARTESIAN_POINT('',(0.0140559492237544,-0.0212762847184192,0.02));
#3216=CARTESIAN_POINT('',(0.0140559492237544,-0.0212762847184192,0.012));
#3217=CARTESIAN_POINT('',(0.0140559492237544,-0.0212762847184192,0.006));
#3218=CARTESIAN_POINT('',(0.,0.,0.012));
#3219=CARTESIAN_POINT('',(0.0254537776761789,-0.00153466674286587,0.0119999999999997));
#3220=CARTESIAN_POINT('',(0.0254537776761789,-0.00153466674286587,0.02));
#3221=CARTESIAN_POINT('',(0.0254537776761789,-0.00153466674286587,0.00600000000000029));
#3222=CARTESIAN_POINT('',(0.,0.,0.006));
#3223=CARTESIAN_POINT('',(0.0254537776761789,0.00153466674286587,0.02));
#3224=CARTESIAN_POINT('',(0.0254537776761789,0.00153466674286587,0.0189999999999997));
#3225=CARTESIAN_POINT('',(0.0254537776761789,0.00153466674286587,0.0130000000000003));
#3226=CARTESIAN_POINT('',(0.,0.,0.019));
#3227=CARTESIAN_POINT('',(0.0140559492237544,0.0212762847184192,0.019));
#3228=CARTESIAN_POINT('',(0.0140559492237544,0.0212762847184192,0.02));
#3229=CARTESIAN_POINT('',(0.0140559492237544,0.0212762847184192,0.013));
#3230=CARTESIAN_POINT('',(0.,0.,0.013));
#3231=CARTESIAN_POINT('',(0.0254537776761789,0.00153466674286587,0.02));
#3232=CARTESIAN_POINT('',(0.0254537776761789,0.00153466674286587,0.0119999999999997));
#3233=CARTESIAN_POINT('',(0.0254537776761789,0.00153466674286587,0.00600000000000029));
#3234=CARTESIAN_POINT('',(0.,0.,0.012));
#3235=CARTESIAN_POINT('',(0.0140559492237544,0.0212762847184192,0.012));
#3236=CARTESIAN_POINT('',(0.0140559492237544,0.0212762847184192,0.02));
#3237=CARTESIAN_POINT('',(0.0140559492237544,0.0212762847184192,0.006));
#3238=CARTESIAN_POINT('',(0.,0.,0.006));
#3239=CARTESIAN_POINT('',(0.0113978284524245,0.0228109514612851,0.02));
#3240=CARTESIAN_POINT('',(0.0113978284524245,0.0228109514612851,0.019));
#3241=CARTESIAN_POINT('',(0.0113978284524245,0.0228109514612851,0.013));
#3242=CARTESIAN_POINT('',(0.,0.,0.019));
#3243=CARTESIAN_POINT('',(-0.0113978284524245,0.0228109514612851,0.019));
#3244=CARTESIAN_POINT('',(-0.0113978284524245,0.0228109514612851,0.02));
#3245=CARTESIAN_POINT('',(-0.0113978284524245,0.0228109514612851,0.013));
#3246=CARTESIAN_POINT('',(0.,0.,0.013));
#3247=CARTESIAN_POINT('',(0.0113978284524245,0.0228109514612851,0.02));
#3248=CARTESIAN_POINT('',(0.0113978284524245,0.0228109514612851,0.012));
#3249=CARTESIAN_POINT('',(0.0113978284524245,0.0228109514612851,0.006));
#3250=CARTESIAN_POINT('',(0.,0.,0.012));
#3251=CARTESIAN_POINT('',(-0.0113978284524245,0.0228109514612851,0.012));
#3252=CARTESIAN_POINT('',(-0.0113978284524245,0.0228109514612851,0.02));
#3253=CARTESIAN_POINT('',(-0.0113978284524245,0.0228109514612851,0.006));
#3254=CARTESIAN_POINT('',(0.,0.,0.006));
#3255=CARTESIAN_POINT('',(-1.7347234759768E-18,-3.00462919747432E-18,0.02));
#3256=CARTESIAN_POINT('',(0.,0.,0.02));
#3257=CARTESIAN_POINT('',(-0.024,0.,0.02));
#3258=CARTESIAN_POINT('',(0.,1.46957615897682E-18,0.025));
#3259=CARTESIAN_POINT('',(0.,0.,0.011));
#3260=CARTESIAN_POINT('',(-0.000930774228038276,-0.0239819444444445,0.011));
#3261=CARTESIAN_POINT('',(0.,0.,0.007));
#3262=CARTESIAN_POINT('',(-0.000930774228038269,-0.0239819444444445,0.007));
#3263=CARTESIAN_POINT('',(-0.000930774228038267,-0.0239819444444445,0.0075));
#3264=CARTESIAN_POINT('',(0.,1.46957615897682E-18,0.025));
#3265=CARTESIAN_POINT('',(0.,0.,0.018));
#3266=CARTESIAN_POINT('',(0.00954591000209291,-0.0220198910585848,0.018));
#3267=CARTESIAN_POINT('',(0.,0.,0.014));
#3268=CARTESIAN_POINT('',(-0.000930774228038276,-0.0239819444444445,0.014));
#3269=CARTESIAN_POINT('',(-0.000930774228038267,-0.0239819444444445,0.0075));
#3270=CARTESIAN_POINT('',(-0.000930774228038277,-0.0239819444444445,0.015));
#3271=CARTESIAN_POINT('',(0.,1.46957615897682E-18,0.015));
#3272=CARTESIAN_POINT('',(0.000930774228038272,-0.0239819444444445,0.015));
#3273=CARTESIAN_POINT('',(0.000930774228038261,-0.0239819444444445,0.0075));
#3274=CARTESIAN_POINT('',(0.000930774228038256,-0.0239819444444445,0.014));
#3275=CARTESIAN_POINT('',(0.,0.,0.014));
#3276=CARTESIAN_POINT('',(0.00954591000209291,-0.0220198910585848,0.014));
#3277=CARTESIAN_POINT('',(0.00954591000209291,-0.0220198910585848,0.025));
#3278=CARTESIAN_POINT('',(0.,0.,0.006));
#3279=CARTESIAN_POINT('',(0.0113978284524245,-0.022810951461285,0.00600000000000001));
#3280=CARTESIAN_POINT('',(0.0107833906393834,-0.0225484898913754,0.00633961450769637));
#3281=CARTESIAN_POINT('',(0.0101662932496619,-0.0222848922639902,0.00667340499106888));
#3282=CARTESIAN_POINT('',(0.00954591000209292,-0.0220198910585848,0.00700000000000001));
#3283=CARTESIAN_POINT('',(0.00954591000209291,-0.0220198910585848,0.007));
#3284=CARTESIAN_POINT('',(0.,0.,0.007));
#3285=CARTESIAN_POINT('',(0.000930774228038256,-0.0239819444444445,0.007));
#3286=CARTESIAN_POINT('',(0.000930774228038257,-0.0239819444444445,0.00699999999999999));
#3287=CARTESIAN_POINT('',(0.000660851714671898,-0.0241514763860436,0.00689404253650054));
#3288=CARTESIAN_POINT('',(2.81685774668991E-6,-0.0243484912812911,0.00677264433051881));
#3289=CARTESIAN_POINT('',(-0.000660752494693878,-0.0241515387037633,0.00689400358792574));
#3290=CARTESIAN_POINT('',(-0.000930774228038269,-0.0239819444444444,0.00699999999999999));
#3291=CARTESIAN_POINT('',(0.,0.,0.012));
#3292=CARTESIAN_POINT('',(0.00093077422803827,-0.0239819444444444,0.011));
#3293=CARTESIAN_POINT('',(0.000660851714671909,-0.0241514763860436,0.0111059574634995));
#3294=CARTESIAN_POINT('',(2.8168577466936E-6,-0.0243484912812911,0.0112273556694812));
#3295=CARTESIAN_POINT('',(-0.00066075249469388,-0.0241515387037633,0.0111059964120743));
#3296=CARTESIAN_POINT('',(-0.000930774228038274,-0.0239819444444444,0.011));
#3297=CARTESIAN_POINT('',(0.000930774228038272,-0.0239819444444445,0.011));
#3298=CARTESIAN_POINT('',(0.,0.,0.011));
#3299=CARTESIAN_POINT('',(0.00954591000209292,-0.0220198910585848,0.011));
#3300=CARTESIAN_POINT('',(0.0113978284524245,-0.022810951461285,0.012));
#3301=CARTESIAN_POINT('',(0.0107833906393834,-0.0225484898913754,0.0116603854923036));
#3302=CARTESIAN_POINT('',(0.0101662932496619,-0.0222848922639902,0.0113265950089311));
#3303=CARTESIAN_POINT('',(0.00954591000209293,-0.0220198910585848,0.011));
#3304=CARTESIAN_POINT('',(0.,0.,0.014));
#3305=CARTESIAN_POINT('',(0.00954591000209292,-0.0220198910585848,0.014));
#3306=CARTESIAN_POINT('',(0.0101662932496619,-0.0222848922639902,0.0136734049910689));
#3307=CARTESIAN_POINT('',(0.0107833906393834,-0.0225484898913754,0.0133396145076964));
#3308=CARTESIAN_POINT('',(0.0113978284524245,-0.022810951461285,0.013));
#3309=CARTESIAN_POINT('',(-0.000930774228038274,-0.0239819444444444,0.014));
#3310=CARTESIAN_POINT('',(-0.000660851714671914,-0.0241514763860436,0.0138940425365005));
#3311=CARTESIAN_POINT('',(-2.81685774670515E-6,-0.0243484912812911,0.0137726443305188));
#3312=CARTESIAN_POINT('',(0.000660752494693866,-0.0241515387037633,0.0138940035879257));
#3313=CARTESIAN_POINT('',(0.000930774228038259,-0.0239819444444445,0.014));
#3314=CARTESIAN_POINT('',(0.,0.,0.019));
#3315=CARTESIAN_POINT('',(0.0113978284524245,-0.022810951461285,0.019));
#3316=CARTESIAN_POINT('',(0.0107833906393834,-0.0225484898913754,0.0186603854923036));
#3317=CARTESIAN_POINT('',(0.0101662932496619,-0.0222848922639902,0.0183265950089311));
#3318=CARTESIAN_POINT('',(0.00954591000209292,-0.0220198910585848,0.018));
#3319=CARTESIAN_POINT('',(-0.0246482588612628,-0.00213880585405293,0.02));
#3320=CARTESIAN_POINT('',(-0.0238427400463467,-0.00274294496523999,0.014));
#3321=CARTESIAN_POINT('',(-0.0243824294468681,-0.00233817791484892,0.0136734049905712));
#3322=CARTESIAN_POINT('',(-0.0249192603833586,-0.00193555471248105,0.013339614507214));
#3323=CARTESIAN_POINT('',(-0.0254537776761788,-0.00153466674286595,0.0130000000000001));
#3324=CARTESIAN_POINT('',(-0.0238427400463467,-0.00274294496523998,0.014));
#3325=CARTESIAN_POINT('',(-0.0238427400463467,-0.00274294496523998,0.025));
#3326=CARTESIAN_POINT('',(-0.0238427400463467,-0.00274294496523998,0.018));
#3327=CARTESIAN_POINT('',(-0.0254537776761788,-0.00153466674286595,0.0189999999999999));
#3328=CARTESIAN_POINT('',(-0.0249192603833586,-0.00193555471248105,0.018660385492786));
#3329=CARTESIAN_POINT('',(-0.0243824294468681,-0.00233817791484892,0.0183265950094288));
#3330=CARTESIAN_POINT('',(-0.0238427400463467,-0.00274294496524,0.018));
#3331=CARTESIAN_POINT('',(-0.0246482588612628,0.00213880585405292,0.02));
#3332=CARTESIAN_POINT('',(-0.0238427400463467,0.00274294496523998,0.025));
#3333=CARTESIAN_POINT('',(-0.0238427400463467,0.00274294496523998,0.018));
#3334=CARTESIAN_POINT('',(-0.0238427400463467,0.00274294496523998,0.014));
#3335=CARTESIAN_POINT('',(-0.0238427400463467,0.00274294496523999,0.014));
#3336=CARTESIAN_POINT('',(-0.0243824294468681,0.00233817791484892,0.0136734049905712));
#3337=CARTESIAN_POINT('',(-0.0249192603833586,0.00193555471248105,0.013339614507214));
#3338=CARTESIAN_POINT('',(-0.0254537776761788,0.00153466674286595,0.0130000000000001));
#3339=CARTESIAN_POINT('',(-0.0254537776761788,0.00153466674286595,0.0189999999999999));
#3340=CARTESIAN_POINT('',(-0.0249192603833586,0.00193555471248105,0.018660385492786));
#3341=CARTESIAN_POINT('',(-0.0243824294468681,0.00233817791484892,0.0183265950094288));
#3342=CARTESIAN_POINT('',(-0.0238427400463467,0.00274294496523999,0.018));
#3343=CARTESIAN_POINT('',(-0.0246482588612628,-0.00213880585405293,0.02));
#3344=CARTESIAN_POINT('',(-0.0254537776761788,-0.00153466674286595,0.00600000000000006));
#3345=CARTESIAN_POINT('',(-0.0249192603833586,-0.00193555471248105,0.006339614507214));
#3346=CARTESIAN_POINT('',(-0.0243824294468681,-0.00233817791484892,0.00667340499057121));
#3347=CARTESIAN_POINT('',(-0.0238427400463467,-0.00274294496524,0.00699999999999999));
#3348=CARTESIAN_POINT('',(-0.0238427400463467,-0.00274294496523998,0.007));
#3349=CARTESIAN_POINT('',(-0.0238427400463467,-0.00274294496523998,0.025));
#3350=CARTESIAN_POINT('',(-0.0238427400463467,-0.00274294496523998,0.011));
#3351=CARTESIAN_POINT('',(-0.0254537776761788,-0.00153466674286595,0.0119999999999999));
#3352=CARTESIAN_POINT('',(-0.0249192603833586,-0.00193555471248105,0.011660385492786));
#3353=CARTESIAN_POINT('',(-0.0243824294468681,-0.00233817791484892,0.0113265950094288));
#3354=CARTESIAN_POINT('',(-0.0238427400463467,-0.00274294496524,0.011));
#3355=CARTESIAN_POINT('',(-0.0246482588612628,0.00213880585405292,0.02));
#3356=CARTESIAN_POINT('',(-0.0254537776761788,0.00153466674286595,0.00600000000000006));
#3357=CARTESIAN_POINT('',(-0.0249192603833586,0.00193555471248105,0.00633961450721401));
#3358=CARTESIAN_POINT('',(-0.0243824294468681,0.00233817791484892,0.00667340499057122));
#3359=CARTESIAN_POINT('',(-0.0238427400463467,0.00274294496523999,0.007));
#3360=CARTESIAN_POINT('',(-0.0238427400463467,0.00274294496523998,0.007));
#3361=CARTESIAN_POINT('',(-0.0254537776761788,0.00153466674286594,0.0119999999999999));
#3362=CARTESIAN_POINT('',(-0.0249192603833586,0.00193555471248104,0.011660385492786));
#3363=CARTESIAN_POINT('',(-0.0243824294468681,0.00233817791484892,0.0113265950094288));
#3364=CARTESIAN_POINT('',(-0.0238427400463467,0.00274294496523999,0.011));
#3365=CARTESIAN_POINT('',(-0.0238427400463467,0.00274294496523998,0.011));
#3366=CARTESIAN_POINT('',(-0.0238427400463467,0.00274294496523998,0.025));
#3367=CARTESIAN_POINT('',(0.,1.46957615897682E-18,0.025));
#3368=CARTESIAN_POINT('',(0.,0.,0.011));
#3369=CARTESIAN_POINT('',(0.,0.,0.007));
#3370=CARTESIAN_POINT('',(0.,1.46957615897682E-18,0.025));
#3371=CARTESIAN_POINT('',(0.,0.,0.018));
#3372=CARTESIAN_POINT('',(0.,0.,0.014));
#3373=CARTESIAN_POINT('',(0.,0.,0.006));
#3374=CARTESIAN_POINT('',(0.,0.,0.012));
#3375=CARTESIAN_POINT('',(0.,0.,0.014));
#3376=CARTESIAN_POINT('',(0.,0.,0.019));
#3377=CARTESIAN_POINT('',(0.0141763896340041,-0.020276615405882,0.02));
#3378=CARTESIAN_POINT('',(0.0142968300442538,-0.0192769460933448,0.014));
#3379=CARTESIAN_POINT('',(0.0142161361964445,-0.0199467143480212,0.0136734049913143));
#3380=CARTESIAN_POINT('',(0.0141358697432721,-0.0206129351778604,0.0133396145079343));
#3381=CARTESIAN_POINT('',(0.0140559492237544,-0.0212762847184192,0.013));
#3382=CARTESIAN_POINT('',(0.0142968300442538,-0.0192769460933448,0.014));
#3383=CARTESIAN_POINT('',(0.0142968300442538,-0.0192769460933448,0.025));
#3384=CARTESIAN_POINT('',(0.0142968300442538,-0.0192769460933448,0.018));
#3385=CARTESIAN_POINT('',(0.0140559492237544,-0.0212762847184192,0.019));
#3386=CARTESIAN_POINT('',(0.0141358697432721,-0.0206129351778604,0.0186603854920657));
#3387=CARTESIAN_POINT('',(0.0142161361964445,-0.0199467143480212,0.0183265950086857));
#3388=CARTESIAN_POINT('',(0.0142968300442538,-0.0192769460933448,0.018));
#3389=CARTESIAN_POINT('',(0.0104718692272587,-0.0224154212599349,0.02));
#3390=CARTESIAN_POINT('',(0.0141763896340041,-0.020276615405882,0.02));
#3391=CARTESIAN_POINT('',(0.0140559492237544,-0.0212762847184192,0.006));
#3392=CARTESIAN_POINT('',(0.0141358697432721,-0.0206129351778604,0.00633961450793426));
#3393=CARTESIAN_POINT('',(0.0142161361964445,-0.0199467143480212,0.0066734049913143));
#3394=CARTESIAN_POINT('',(0.0142968300442538,-0.0192769460933448,0.007));
#3395=CARTESIAN_POINT('',(0.0142968300442538,-0.0192769460933448,0.007));
#3396=CARTESIAN_POINT('',(0.0142968300442538,-0.0192769460933448,0.025));
#3397=CARTESIAN_POINT('',(0.0142968300442538,-0.0192769460933448,0.011));
#3398=CARTESIAN_POINT('',(0.0140559492237544,-0.0212762847184192,0.012));
#3399=CARTESIAN_POINT('',(0.0141358697432721,-0.0206129351778604,0.0116603854920657));
#3400=CARTESIAN_POINT('',(0.0142161361964445,-0.0199467143480212,0.0113265950086857));
#3401=CARTESIAN_POINT('',(0.0142968300442538,-0.0192769460933448,0.011));
#3402=CARTESIAN_POINT('',(0.0104718692272587,-0.0224154212599349,0.02));
#3403=CARTESIAN_POINT('',(0.00954591000209291,-0.0220198910585848,0.025));
#3404=CARTESIAN_POINT('',(0.,1.46957615897682E-18,0.025));
#3405=CARTESIAN_POINT('',(0.,0.,0.018));
#3406=CARTESIAN_POINT('',(0.0238427400463467,-0.00274294496523998,0.018));
#3407=CARTESIAN_POINT('',(0.,0.,0.014));
#3408=CARTESIAN_POINT('',(0.0238427400463467,-0.00274294496523998,0.014));
#3409=CARTESIAN_POINT('',(0.0238427400463467,-0.00274294496523998,0.025));
#3410=CARTESIAN_POINT('',(0.,1.46957615897682E-18,0.025));
#3411=CARTESIAN_POINT('',(0.,0.,0.011));
#3412=CARTESIAN_POINT('',(0.0238427400463467,-0.00274294496523998,0.011));
#3413=CARTESIAN_POINT('',(0.,0.,0.007));
#3414=CARTESIAN_POINT('',(0.0238427400463467,-0.00274294496523998,0.007));
#3415=CARTESIAN_POINT('',(0.0238427400463467,-0.00274294496523998,0.025));
#3416=CARTESIAN_POINT('',(0.,0.,0.006));
#3417=CARTESIAN_POINT('',(0.0254537776761788,-0.00153466674286594,0.00600000000000006));
#3418=CARTESIAN_POINT('',(0.0249192603833586,-0.00193555471248104,0.006339614507214));
#3419=CARTESIAN_POINT('',(0.0243824294468681,-0.00233817791484892,0.00667340499057122));
#3420=CARTESIAN_POINT('',(0.0238427400463467,-0.00274294496523999,0.00699999999999999));
#3421=CARTESIAN_POINT('',(0.,0.,0.012));
#3422=CARTESIAN_POINT('',(0.0254537776761788,-0.00153466674286594,0.0119999999999999));
#3423=CARTESIAN_POINT('',(0.0249192603833586,-0.00193555471248104,0.011660385492786));
#3424=CARTESIAN_POINT('',(0.0243824294468681,-0.00233817791484892,0.0113265950094288));
#3425=CARTESIAN_POINT('',(0.0238427400463467,-0.00274294496523999,0.011));
#3426=CARTESIAN_POINT('',(0.,0.,0.014));
#3427=CARTESIAN_POINT('',(0.0238427400463467,-0.00274294496523999,0.014));
#3428=CARTESIAN_POINT('',(0.0243824294468681,-0.00233817791484892,0.0136734049905712));
#3429=CARTESIAN_POINT('',(0.0249192603833586,-0.00193555471248104,0.013339614507214));
#3430=CARTESIAN_POINT('',(0.0254537776761788,-0.00153466674286595,0.0130000000000001));
#3431=CARTESIAN_POINT('',(0.,0.,0.019));
#3432=CARTESIAN_POINT('',(0.0254537776761788,-0.00153466674286595,0.0189999999999999));
#3433=CARTESIAN_POINT('',(0.0249192603833586,-0.00193555471248105,0.018660385492786));
#3434=CARTESIAN_POINT('',(0.0243824294468681,-0.00233817791484892,0.0183265950094288));
#3435=CARTESIAN_POINT('',(0.0238427400463467,-0.00274294496523999,0.018));
#3436=CARTESIAN_POINT('',(0.0246482588612628,0.00213880585405293,0.02));
#3437=CARTESIAN_POINT('',(0.0238427400463467,0.00274294496524,0.014));
#3438=CARTESIAN_POINT('',(0.0243824294468681,0.00233817791484892,0.0136734049905712));
#3439=CARTESIAN_POINT('',(0.0249192603833586,0.00193555471248105,0.013339614507214));
#3440=CARTESIAN_POINT('',(0.0254537776761788,0.00153466674286595,0.0130000000000001));
#3441=CARTESIAN_POINT('',(0.0238427400463467,0.00274294496523999,0.014));
#3442=CARTESIAN_POINT('',(0.0238427400463467,0.00274294496523999,0.025));
#3443=CARTESIAN_POINT('',(0.0238427400463467,0.00274294496523999,0.018));
#3444=CARTESIAN_POINT('',(0.0254537776761788,0.00153466674286595,0.0189999999999999));
#3445=CARTESIAN_POINT('',(0.0249192603833586,0.00193555471248105,0.018660385492786));
#3446=CARTESIAN_POINT('',(0.0243824294468681,0.00233817791484892,0.0183265950094288));
#3447=CARTESIAN_POINT('',(0.0238427400463467,0.00274294496524,0.018));
#3448=CARTESIAN_POINT('',(0.0246482588612628,-0.00213880585405292,0.02));
#3449=CARTESIAN_POINT('',(0.0246482588612628,0.00213880585405293,0.02));
#3450=CARTESIAN_POINT('',(0.0254537776761788,0.00153466674286595,0.00600000000000006));
#3451=CARTESIAN_POINT('',(0.0249192603833586,0.00193555471248105,0.006339614507214));
#3452=CARTESIAN_POINT('',(0.0243824294468681,0.00233817791484892,0.00667340499057122));
#3453=CARTESIAN_POINT('',(0.0238427400463467,0.00274294496524,0.00699999999999999));
#3454=CARTESIAN_POINT('',(0.0238427400463467,0.00274294496523999,0.007));
#3455=CARTESIAN_POINT('',(0.0238427400463467,0.00274294496523999,0.025));
#3456=CARTESIAN_POINT('',(0.0238427400463467,0.00274294496523999,0.011));
#3457=CARTESIAN_POINT('',(0.0254537776761788,0.00153466674286595,0.0119999999999999));
#3458=CARTESIAN_POINT('',(0.0249192603833586,0.00193555471248105,0.011660385492786));
#3459=CARTESIAN_POINT('',(0.0243824294468681,0.00233817791484892,0.0113265950094288));
#3460=CARTESIAN_POINT('',(0.0238427400463467,0.00274294496524,0.011));
#3461=CARTESIAN_POINT('',(0.0246482588612628,-0.00213880585405292,0.02));
#3462=CARTESIAN_POINT('',(0.,1.46957615897682E-18,0.025));
#3463=CARTESIAN_POINT('',(0.,0.,0.011));
#3464=CARTESIAN_POINT('',(0.0142968300442538,0.0192769460933448,0.011));
#3465=CARTESIAN_POINT('',(0.,0.,0.007));
#3466=CARTESIAN_POINT('',(0.0142968300442538,0.0192769460933448,0.007));
#3467=CARTESIAN_POINT('',(0.0142968300442538,0.0192769460933448,0.025));
#3468=CARTESIAN_POINT('',(0.,1.46957615897682E-18,0.025));
#3469=CARTESIAN_POINT('',(0.,0.,0.018));
#3470=CARTESIAN_POINT('',(0.0142968300442538,0.0192769460933448,0.018));
#3471=CARTESIAN_POINT('',(0.,0.,0.014));
#3472=CARTESIAN_POINT('',(0.0142968300442538,0.0192769460933448,0.014));
#3473=CARTESIAN_POINT('',(0.0142968300442538,0.0192769460933448,0.025));
#3474=CARTESIAN_POINT('',(0.,0.,0.006));
#3475=CARTESIAN_POINT('',(0.0140559492237544,0.0212762847184192,0.006));
#3476=CARTESIAN_POINT('',(0.0141358697432721,0.0206129351778604,0.00633961450793425));
#3477=CARTESIAN_POINT('',(0.0142161361964445,0.0199467143480212,0.0066734049913143));
#3478=CARTESIAN_POINT('',(0.0142968300442538,0.0192769460933448,0.007));
#3479=CARTESIAN_POINT('',(0.,0.,0.012));
#3480=CARTESIAN_POINT('',(0.0140559492237544,0.0212762847184192,0.012));
#3481=CARTESIAN_POINT('',(0.0141358697432721,0.0206129351778604,0.0116603854920657));
#3482=CARTESIAN_POINT('',(0.0142161361964445,0.0199467143480212,0.0113265950086857));
#3483=CARTESIAN_POINT('',(0.0142968300442538,0.0192769460933448,0.011));
#3484=CARTESIAN_POINT('',(0.,0.,0.014));
#3485=CARTESIAN_POINT('',(0.0142968300442538,0.0192769460933448,0.014));
#3486=CARTESIAN_POINT('',(0.0142161361964445,0.0199467143480212,0.0136734049913143));
#3487=CARTESIAN_POINT('',(0.0141358697432721,0.0206129351778604,0.0133396145079343));
#3488=CARTESIAN_POINT('',(0.0140559492237544,0.0212762847184192,0.013));
#3489=CARTESIAN_POINT('',(0.,0.,0.019));
#3490=CARTESIAN_POINT('',(0.0140559492237544,0.0212762847184192,0.019));
#3491=CARTESIAN_POINT('',(0.0141358697432721,0.0206129351778604,0.0186603854920657));
#3492=CARTESIAN_POINT('',(0.0142161361964445,0.0199467143480212,0.0183265950086857));
#3493=CARTESIAN_POINT('',(0.0142968300442538,0.0192769460933448,0.018));
#3494=CARTESIAN_POINT('',(0.0104718692272587,0.0224154212599349,0.02));
#3495=CARTESIAN_POINT('',(0.00954591000209289,0.0220198910585848,0.014));
#3496=CARTESIAN_POINT('',(0.0101662932496619,0.0222848922639902,0.0136734049910689));
#3497=CARTESIAN_POINT('',(0.0107833906393833,0.0225484898913755,0.0133396145076964));
#3498=CARTESIAN_POINT('',(0.0113978284524245,0.0228109514612851,0.013));
#3499=CARTESIAN_POINT('',(0.0095459100020929,0.0220198910585848,0.014));
#3500=CARTESIAN_POINT('',(0.0095459100020929,0.0220198910585848,0.025));
#3501=CARTESIAN_POINT('',(0.0095459100020929,0.0220198910585848,0.018));
#3502=CARTESIAN_POINT('',(0.0113978284524244,0.0228109514612851,0.019));
#3503=CARTESIAN_POINT('',(0.0107833906393833,0.0225484898913755,0.0186603854923036));
#3504=CARTESIAN_POINT('',(0.0101662932496619,0.0222848922639902,0.0183265950089311));
#3505=CARTESIAN_POINT('',(0.00954591000209289,0.0220198910585848,0.018));
#3506=CARTESIAN_POINT('',(0.0141763896340041,0.020276615405882,0.02));
#3507=CARTESIAN_POINT('',(0.0104718692272587,0.0224154212599349,0.02));
#3508=CARTESIAN_POINT('',(0.0113978284524244,0.0228109514612851,0.006));
#3509=CARTESIAN_POINT('',(0.0107833906393833,0.0225484898913755,0.00633961450769636));
#3510=CARTESIAN_POINT('',(0.0101662932496619,0.0222848922639902,0.00667340499106886));
#3511=CARTESIAN_POINT('',(0.00954591000209289,0.0220198910585848,0.00699999999999999));
#3512=CARTESIAN_POINT('',(0.0095459100020929,0.0220198910585848,0.007));
#3513=CARTESIAN_POINT('',(0.0095459100020929,0.0220198910585848,0.025));
#3514=CARTESIAN_POINT('',(0.0095459100020929,0.0220198910585848,0.011));
#3515=CARTESIAN_POINT('',(0.0113978284524244,0.0228109514612851,0.012));
#3516=CARTESIAN_POINT('',(0.0107833906393833,0.0225484898913755,0.0116603854923036));
#3517=CARTESIAN_POINT('',(0.0101662932496619,0.0222848922639902,0.0113265950089311));
#3518=CARTESIAN_POINT('',(0.00954591000209289,0.0220198910585848,0.011));
#3519=CARTESIAN_POINT('',(0.0141763896340041,0.020276615405882,0.02));
#3520=CARTESIAN_POINT('',(0.,1.46957615897682E-18,0.025));
#3521=CARTESIAN_POINT('',(0.,0.,0.018));
#3522=CARTESIAN_POINT('',(-0.0095459100020929,0.0220198910585848,0.018));
#3523=CARTESIAN_POINT('',(0.,0.,0.014));
#3524=CARTESIAN_POINT('',(0.000930774228038265,0.0239819444444445,0.014));
#3525=CARTESIAN_POINT('',(0.000930774228038264,0.0239819444444445,0.0075));
#3526=CARTESIAN_POINT('',(0.000930774228038275,0.0239819444444445,0.015));
#3527=CARTESIAN_POINT('',(0.,1.46957615897682E-18,0.015));
#3528=CARTESIAN_POINT('',(-0.000930774228038264,0.0239819444444445,0.015));
#3529=CARTESIAN_POINT('',(-0.000930774228038264,0.0239819444444445,0.0075));
#3530=CARTESIAN_POINT('',(-0.000930774228038264,0.0239819444444445,0.014));
#3531=CARTESIAN_POINT('',(0.,0.,0.014));
#3532=CARTESIAN_POINT('',(-0.00954591000209289,0.0220198910585848,0.014));
#3533=CARTESIAN_POINT('',(-0.0095459100020929,0.0220198910585848,0.025));
#3534=CARTESIAN_POINT('',(0.,1.46957615897682E-18,0.025));
#3535=CARTESIAN_POINT('',(0.,0.,0.011));
#3536=CARTESIAN_POINT('',(0.000930774228038273,0.0239819444444445,0.011));
#3537=CARTESIAN_POINT('',(0.,0.,0.007));
#3538=CARTESIAN_POINT('',(0.000930774228038266,0.0239819444444445,0.007));
#3539=CARTESIAN_POINT('',(0.000930774228038264,0.0239819444444445,0.0075));
#3540=CARTESIAN_POINT('',(0.,0.,0.006));
#3541=CARTESIAN_POINT('',(-0.0113978284524245,0.0228109514612851,0.006));
#3542=CARTESIAN_POINT('',(-0.0107833906393833,0.0225484898913755,0.00633961450769636));
#3543=CARTESIAN_POINT('',(-0.0101662932496619,0.0222848922639902,0.00667340499106887));
#3544=CARTESIAN_POINT('',(-0.00954591000209289,0.0220198910585848,0.00699999999999999));
#3545=CARTESIAN_POINT('',(-0.0095459100020929,0.0220198910585848,0.007));
#3546=CARTESIAN_POINT('',(0.,0.,0.007));
#3547=CARTESIAN_POINT('',(-0.000930774228038264,0.0239819444444445,0.007));
#3548=CARTESIAN_POINT('',(-0.000930774228038265,0.0239819444444445,0.00699999999999999));
#3549=CARTESIAN_POINT('',(-0.000660851714671906,0.0241514763860436,0.00689404253650054));
#3550=CARTESIAN_POINT('',(-2.81685774669512E-6,0.0243484912812911,0.0067726443305188));
#3551=CARTESIAN_POINT('',(0.000660752494693874,0.0241515387037633,0.00689400358792574));
#3552=CARTESIAN_POINT('',(0.000930774228038266,0.0239819444444444,0.00699999999999999));
#3553=CARTESIAN_POINT('',(0.,0.,0.012));
#3554=CARTESIAN_POINT('',(-0.000930774228038272,0.0239819444444444,0.011));
#3555=CARTESIAN_POINT('',(-0.000660851714671911,0.0241514763860436,0.0111059574634995));
#3556=CARTESIAN_POINT('',(-2.81685774669756E-6,0.0243484912812911,0.0112273556694812));
#3557=CARTESIAN_POINT('',(0.000660752494693878,0.0241515387037633,0.0111059964120743));
#3558=CARTESIAN_POINT('',(0.000930774228038272,0.0239819444444444,0.011));
#3559=CARTESIAN_POINT('',(-0.000930774228038275,0.0239819444444445,0.011));
#3560=CARTESIAN_POINT('',(0.,0.,0.011));
#3561=CARTESIAN_POINT('',(-0.0095459100020929,0.0220198910585848,0.011));
#3562=CARTESIAN_POINT('',(-0.0113978284524245,0.0228109514612851,0.012));
#3563=CARTESIAN_POINT('',(-0.0107833906393833,0.0225484898913755,0.0116603854923036));
#3564=CARTESIAN_POINT('',(-0.0101662932496619,0.0222848922639902,0.0113265950089311));
#3565=CARTESIAN_POINT('',(-0.00954591000209289,0.0220198910585848,0.011));
#3566=CARTESIAN_POINT('',(0.,0.,0.014));
#3567=CARTESIAN_POINT('',(-0.00954591000209289,0.0220198910585848,0.014));
#3568=CARTESIAN_POINT('',(-0.0101662932496619,0.0222848922639902,0.0136734049910689));
#3569=CARTESIAN_POINT('',(-0.0107833906393833,0.0225484898913755,0.0133396145076964));
#3570=CARTESIAN_POINT('',(-0.0113978284524245,0.0228109514612851,0.013));
#3571=CARTESIAN_POINT('',(0.000930774228038265,0.0239819444444445,0.014));
#3572=CARTESIAN_POINT('',(0.000660851714671906,0.0241514763860436,0.0138940425365005));
#3573=CARTESIAN_POINT('',(2.81685774669626E-6,0.0243484912812911,0.0137726443305188));
#3574=CARTESIAN_POINT('',(-0.000660752494693872,0.0241515387037633,0.0138940035879257));
#3575=CARTESIAN_POINT('',(-0.000930774228038264,0.0239819444444445,0.014));
#3576=CARTESIAN_POINT('',(0.,0.,0.019));
#3577=CARTESIAN_POINT('',(-0.0113978284524245,0.0228109514612851,0.019));
#3578=CARTESIAN_POINT('',(-0.0107833906393833,0.0225484898913755,0.0186603854923036));
#3579=CARTESIAN_POINT('',(-0.0101662932496619,0.0222848922639902,0.0183265950089311));
#3580=CARTESIAN_POINT('',(-0.00954591000209289,0.0220198910585848,0.018));
#3581=CARTESIAN_POINT('',(-0.0141763896340041,0.020276615405882,0.02));
#3582=CARTESIAN_POINT('',(-0.0142968300442538,0.0192769460933448,0.014));
#3583=CARTESIAN_POINT('',(-0.0142161361964445,0.0199467143480212,0.0136734049913143));
#3584=CARTESIAN_POINT('',(-0.0141358697432721,0.0206129351778604,0.0133396145079343));
#3585=CARTESIAN_POINT('',(-0.0140559492237544,0.0212762847184192,0.013));
#3586=CARTESIAN_POINT('',(-0.0142968300442538,0.0192769460933448,0.014));
#3587=CARTESIAN_POINT('',(-0.0142968300442538,0.0192769460933448,0.025));
#3588=CARTESIAN_POINT('',(-0.0142968300442538,0.0192769460933448,0.018));
#3589=CARTESIAN_POINT('',(-0.0140559492237544,0.0212762847184192,0.019));
#3590=CARTESIAN_POINT('',(-0.0141358697432721,0.0206129351778604,0.0186603854920657));
#3591=CARTESIAN_POINT('',(-0.0142161361964445,0.0199467143480212,0.0183265950086857));
#3592=CARTESIAN_POINT('',(-0.0142968300442538,0.0192769460933448,0.018));
#3593=CARTESIAN_POINT('',(-0.0104718692272587,0.0224154212599349,0.02));
#3594=CARTESIAN_POINT('',(-0.0141763896340041,0.020276615405882,0.02));
#3595=CARTESIAN_POINT('',(-0.0140559492237544,0.0212762847184192,0.006));
#3596=CARTESIAN_POINT('',(-0.0141358697432721,0.0206129351778604,0.00633961450793426));
#3597=CARTESIAN_POINT('',(-0.0142161361964445,0.0199467143480212,0.0066734049913143));
#3598=CARTESIAN_POINT('',(-0.0142968300442538,0.0192769460933448,0.007));
#3599=CARTESIAN_POINT('',(-0.0142968300442538,0.0192769460933448,0.007));
#3600=CARTESIAN_POINT('',(-0.0142968300442538,0.0192769460933448,0.025));
#3601=CARTESIAN_POINT('',(-0.0142968300442538,0.0192769460933448,0.011));
#3602=CARTESIAN_POINT('',(-0.0140559492237544,0.0212762847184192,0.012));
#3603=CARTESIAN_POINT('',(-0.0141358697432721,0.0206129351778604,0.0116603854920657));
#3604=CARTESIAN_POINT('',(-0.0142161361964445,0.0199467143480212,0.0113265950086857));
#3605=CARTESIAN_POINT('',(-0.0142968300442538,0.0192769460933448,0.011));
#3606=CARTESIAN_POINT('',(-0.0104718692272587,0.0224154212599349,0.02));
#3607=CARTESIAN_POINT('',(-0.0095459100020929,0.0220198910585848,0.025));
#3608=CARTESIAN_POINT('',(0.,1.46957615897682E-18,0.025));
#3609=CARTESIAN_POINT('',(0.,0.,0.011));
#3610=CARTESIAN_POINT('',(0.,0.,0.007));
#3611=CARTESIAN_POINT('',(0.,1.46957615897682E-18,0.025));
#3612=CARTESIAN_POINT('',(0.,0.,0.018));
#3613=CARTESIAN_POINT('',(0.,0.,0.014));
#3614=CARTESIAN_POINT('',(0.,0.,0.006));
#3615=CARTESIAN_POINT('',(0.,0.,0.012));
#3616=CARTESIAN_POINT('',(0.,0.,0.014));
#3617=CARTESIAN_POINT('',(0.,0.,0.019));
#3618=CARTESIAN_POINT('',(0.,1.37772764904077E-18,0.025));
#3619=CARTESIAN_POINT('',(0.,1.37772764904077E-18,0.025));
#3620=CARTESIAN_POINT('',(0.0225,1.37772764904077E-18,0.025));
#3621=CARTESIAN_POINT('',(0.,1.37772764904077E-18,0.015));
#3622=CARTESIAN_POINT('',(-0.00174867619682949,-0.0224319444444445,0.015));
#3623=CARTESIAN_POINT('',(0.00174867619682948,-0.0224319444444445,0.015));
#3624=CARTESIAN_POINT('',(-0.00174867619682949,-0.0224319444444445,0.015));
#3625=CARTESIAN_POINT('',(-0.00174867619682951,-0.0224319444444445,0.));
#3626=CARTESIAN_POINT('',(0.,1.37772764904077E-18,0.));
#3627=CARTESIAN_POINT('',(-0.0224319444444445,-0.00174867619682949,0.));
#3628=CARTESIAN_POINT('',(-0.0224319444444445,-0.00174867619682949,0.015));
#3629=CARTESIAN_POINT('',(-0.0224319444444445,-0.00174867619682948,0.015));
#3630=CARTESIAN_POINT('',(0.,1.37772764904077E-18,0.015));
#3631=CARTESIAN_POINT('',(-0.0224319444444445,0.00174867619682949,0.015));
#3632=CARTESIAN_POINT('',(-0.0224319444444445,0.00174867619682949,0.015));
#3633=CARTESIAN_POINT('',(-0.0224319444444445,0.00174867619682949,0.));
#3634=CARTESIAN_POINT('',(0.,1.37772764904077E-18,0.));
#3635=CARTESIAN_POINT('',(-0.00174867619682949,0.0224319444444445,0.));
#3636=CARTESIAN_POINT('',(-0.00174867619682949,0.0224319444444445,0.015));
#3637=CARTESIAN_POINT('',(-0.00174867619682949,0.0224319444444445,0.015));
#3638=CARTESIAN_POINT('',(0.,1.37772764904077E-18,0.015));
#3639=CARTESIAN_POINT('',(0.00174867619682949,0.0224319444444445,0.015));
#3640=CARTESIAN_POINT('',(0.00174867619682949,0.0224319444444445,0.015));
#3641=CARTESIAN_POINT('',(0.00174867619682949,0.0224319444444445,0.));
#3642=CARTESIAN_POINT('',(0.,1.37772764904077E-18,0.));
#3643=CARTESIAN_POINT('',(0.0224319444444445,0.00174867619682948,0.));
#3644=CARTESIAN_POINT('',(0.0224319444444445,0.00174867619682948,0.015));
#3645=CARTESIAN_POINT('',(0.0224319444444445,0.00174867619682948,0.015));
#3646=CARTESIAN_POINT('',(0.,1.37772764904077E-18,0.015));
#3647=CARTESIAN_POINT('',(0.0224319444444445,-0.00174867619682949,0.015));
#3648=CARTESIAN_POINT('',(0.0224319444444445,-0.00174867619682949,0.015));
#3649=CARTESIAN_POINT('',(0.0224319444444445,-0.00174867619682949,0.));
#3650=CARTESIAN_POINT('',(0.,1.37772764904077E-18,0.));
#3651=CARTESIAN_POINT('',(0.0017486761968295,-0.0224319444444445,0.));
#3652=CARTESIAN_POINT('',(0.00174867619682948,-0.0224319444444445,0.015));
#3653=CARTESIAN_POINT('',(0.,1.46957615897682E-18,0.025));
#3654=CARTESIAN_POINT('',(-0.000930774228038267,-0.0239819444444445,0.0075));
#3655=CARTESIAN_POINT('',(-0.000930774228038269,-0.0239819444444445,0.0015));
#3656=CARTESIAN_POINT('',(-0.0239819444444445,-0.000930774228038263,0.0075));
#3657=CARTESIAN_POINT('',(-0.0239819444444445,-0.000930774228038277,0.0015));
#3658=CARTESIAN_POINT('',(0.,0.,0.0015));
#3659=CARTESIAN_POINT('',(0.,1.46957615897682E-18,0.025));
#3660=CARTESIAN_POINT('',(0.000930774228038261,-0.0239819444444445,0.0075));
#3661=CARTESIAN_POINT('',(0.000930774228038256,-0.0239819444444445,0.0015));
#3662=CARTESIAN_POINT('',(0.,0.,0.0015));
#3663=CARTESIAN_POINT('',(0.0239819444444445,-0.000930774228038258,0.0015));
#3664=CARTESIAN_POINT('',(0.0239819444444445,-0.000930774228038268,0.0075));
#3665=CARTESIAN_POINT('',(0.,1.46957615897682E-18,0.025));
#3666=CARTESIAN_POINT('',(-0.0239819444444445,0.000930774228038265,0.0075));
#3667=CARTESIAN_POINT('',(-0.0239819444444445,0.000930774228038265,0.0015));
#3668=CARTESIAN_POINT('',(-0.000930774228038264,0.0239819444444445,0.0075));
#3669=CARTESIAN_POINT('',(-0.000930774228038264,0.0239819444444445,0.0015));
#3670=CARTESIAN_POINT('',(0.,0.,0.0015));
#3671=CARTESIAN_POINT('',(0.,1.46957615897682E-18,0.025));
#3672=CARTESIAN_POINT('',(0.000930774228038264,0.0239819444444445,0.0075));
#3673=CARTESIAN_POINT('',(0.000930774228038266,0.0239819444444445,0.0015));
#3674=CARTESIAN_POINT('',(0.0239819444444445,0.00093077422803826,0.0075));
#3675=CARTESIAN_POINT('',(0.0239819444444445,0.000930774228038256,0.0015));
#3676=CARTESIAN_POINT('',(0.,0.,0.0015));
#3677=CARTESIAN_POINT('',(0.,1.46957615897682E-18,0.025));
#3678=CARTESIAN_POINT('',(0.000930774228038261,-0.0239819444444445,0.0075));
#3679=CARTESIAN_POINT('',(0.,1.46957615897682E-18,0.025));
#3680=CARTESIAN_POINT('',(-0.000930774228038264,0.0239819444444445,0.0075));
#3681=CARTESIAN_POINT('',(0.,0.,0.025));
#3682=CARTESIAN_POINT('',(0.,0.,0.025));
#3683=CARTESIAN_POINT('',(-0.0255,0.,0.025));
#3684=CARTESIAN_POINT('',(0.,0.,0.));
#3685=CARTESIAN_POINT('',(0.0180911056422837,-0.0017493380882428,0.));
#3686=CARTESIAN_POINT('',(0.013750266840123,-0.0017499999796561,0.));
#3687=CARTESIAN_POINT('',(0.01375,-2.63425424048997E-18,0.));
#3688=CARTESIAN_POINT('',(0.0136386363636364,-0.00174645301697351,0.));
#3689=CARTESIAN_POINT('',(1.5080863686589E-18,-1.90819582357449E-17,0.));
#3690=CARTESIAN_POINT('',(0.0136386363636364,0.0017464530169735,0.));
#3691=CARTESIAN_POINT('',(0.01375,-2.63425424048997E-18,0.));
#3692=CARTESIAN_POINT('',(0.013750266840123,0.00174999997965609,0.));
#3693=CARTESIAN_POINT('',(0.0180911056422837,0.00174933808824279,0.));
#3694=CARTESIAN_POINT('',(0.00174933808824279,0.0180911056422837,0.));
#3695=CARTESIAN_POINT('',(0.0017499999796561,0.013750266840123,0.));
#3696=CARTESIAN_POINT('',(1.0842021724855E-19,0.01375,0.));
#3697=CARTESIAN_POINT('',(0.00174645303942722,0.0136386367157658,0.));
#3698=CARTESIAN_POINT('',(1.0842021724855E-19,0.01375,0.));
#3699=CARTESIAN_POINT('',(-0.00174645301697351,0.0136386363636364,0.));
#3700=CARTESIAN_POINT('',(1.0842021724855E-19,0.01375,0.));
#3701=CARTESIAN_POINT('',(-0.0017499999796561,0.013750266840123,0.));
#3702=CARTESIAN_POINT('',(-0.00174933808824279,0.0180911056422837,0.));
#3703=CARTESIAN_POINT('',(-0.0180911056422837,0.0017493380882428,0.));
#3704=CARTESIAN_POINT('',(-0.013750266840123,0.0017499999796561,0.));
#3705=CARTESIAN_POINT('',(-0.01375,9.50364891662356E-19,0.));
#3706=CARTESIAN_POINT('',(-0.0136386363636364,0.00174645301697351,0.));
#3707=CARTESIAN_POINT('',(1.5080863686589E-18,-1.90819582357449E-17,0.));
#3708=CARTESIAN_POINT('',(-0.0136386363636364,-0.0017464530169735,0.));
#3709=CARTESIAN_POINT('',(-0.01375,9.50364891662356E-19,0.));
#3710=CARTESIAN_POINT('',(-0.013750266840123,-0.0017499999796561,0.));
#3711=CARTESIAN_POINT('',(-0.0180911056422837,-0.00174933808824279,0.));
#3712=CARTESIAN_POINT('',(-0.0017493380882428,-0.0180911056422837,0.));
#3713=CARTESIAN_POINT('',(-0.0017499999796561,-0.013750266840123,0.));
#3714=CARTESIAN_POINT('',(-1.79230956607616E-18,-0.01375,0.));
#3715=CARTESIAN_POINT('',(-0.00174645301697351,-0.0136386363636364,0.));
#3716=CARTESIAN_POINT('',(1.5080863686589E-18,-1.90819582357449E-17,0.));
#3717=CARTESIAN_POINT('',(0.00174645301697351,-0.0136386363636364,0.));
#3718=CARTESIAN_POINT('',(-1.79230956607616E-18,-0.01375,0.));
#3719=CARTESIAN_POINT('',(0.0017499999796561,-0.013750266840123,0.));
#3720=CARTESIAN_POINT('',(0.00174933808824279,-0.0180911056422837,0.));
#3721=CARTESIAN_POINT('',(0.,0.,0.));
#3722=CARTESIAN_POINT('',(-0.0255,0.,0.));
#3723=CARTESIAN_POINT('',(0.02475,0.,0.0015));
#3724=CARTESIAN_POINT('',(-2.62407295334898E-18,-0.0225,0.0015));
#3725=CARTESIAN_POINT('',(-0.0225,1.24634530430821E-18,0.0015));
#3726=CARTESIAN_POINT('',(-1.31382344732563E-19,0.0225,0.0015));
#3727=CARTESIAN_POINT('',(0.0225,-4.00180060238975E-18,0.0015));
#3728=CARTESIAN_POINT('',(0.,0.,0.0015));
#3729=CARTESIAN_POINT('',(-0.0255,0.,0.0015));
#3730=CARTESIAN_POINT('',(0.,0.,0.0125));
#3731=CARTESIAN_POINT('',(0.,1.46957615897682E-18,0.025));
#3732=CARTESIAN_POINT('',(0.,1.46957615897682E-18,0.0235));
#3733=CARTESIAN_POINT('',(0.024,1.46957615897682E-18,0.0235));
#3734=CARTESIAN_POINT('',(0.02475,0.,0.0235));
#3735=CARTESIAN_POINT('',(0.,0.,0.0235));
#3736=CARTESIAN_POINT('',(-0.0255,0.,0.0235));
#3737=CARTESIAN_POINT('',(0.,0.,0.0125));
#3738=CARTESIAN_POINT('',(-1.31382344732563E-19,0.0225,0.015));
#3739=CARTESIAN_POINT('',(-1.31382344732563E-19,0.0225,0.015));
#3740=CARTESIAN_POINT('',(-6.42939569552361E-19,-0.00525,0.015));
#3741=CARTESIAN_POINT('',(-6.42939569552361E-19,-0.00525,0.015));
#3742=CARTESIAN_POINT('',(-2.62407295334898E-18,-0.0225,0.015));
#3743=CARTESIAN_POINT('',(-2.62407295334898E-18,-0.0225,0.015));
#3744=CARTESIAN_POINT('',(-1.31382344732563E-19,0.0225,0.015));
#3745=CARTESIAN_POINT('',(-2.62407295334898E-18,-0.0225,0.015));
#3746=CARTESIAN_POINT('',(0.0225,-4.00180060238975E-18,0.015));
#3747=CARTESIAN_POINT('',(-1.31382344732563E-19,0.0225,0.015));
#3748=CARTESIAN_POINT('',(-0.0225,1.24634530430821E-18,0.015));
#3749=CARTESIAN_POINT('',(-2.62407295334898E-18,-0.0225,0.015));
#3750=CARTESIAN_POINT('',(-6.42939569552361E-19,-0.00525,0.015));
#3751=CARTESIAN_POINT('',(0.,6.27631484563019E-19,0.015));
#3752=CARTESIAN_POINT('',(0.01025,6.27631484563019E-19,0.015));
#3753=CARTESIAN_POINT('',(0.00174933808824279,0.0180911056422837,0.015));
#3754=CARTESIAN_POINT('',(0.0017499999796561,0.013750266840123,0.015));
#3755=CARTESIAN_POINT('',(-0.00174933808824279,0.0180911056422837,0.015));
#3756=CARTESIAN_POINT('',(-0.0017499999796561,0.013750266840123,0.015));
#3757=CARTESIAN_POINT('',(1.0842021724855E-19,0.01375,0.015));
#3758=CARTESIAN_POINT('',(-0.00174645300948904,0.0136386362462618,0.015));
#3759=CARTESIAN_POINT('',(-0.00174823505878067,0.0136384080515011,0.015));
#3760=CARTESIAN_POINT('',(-0.0017500170707408,0.013638179506522,0.015));
#3761=CARTESIAN_POINT('',(1.5080863686589E-18,-1.90819582357449E-17,0.015));
#3762=CARTESIAN_POINT('',(-0.0136386363636364,0.00174645301697351,0.015));
#3763=CARTESIAN_POINT('',(-0.01375,9.50364891662356E-19,0.015));
#3764=CARTESIAN_POINT('',(-0.013750266840123,0.0017499999796561,0.015));
#3765=CARTESIAN_POINT('',(-0.0180911056422837,0.0017493380882428,0.015));
#3766=CARTESIAN_POINT('',(-0.0180911056422837,-0.00174933808824279,0.015));
#3767=CARTESIAN_POINT('',(-0.013750266840123,-0.0017499999796561,0.015));
#3768=CARTESIAN_POINT('',(-0.01375,9.50364891662356E-19,0.015));
#3769=CARTESIAN_POINT('',(-0.0136386363636364,-0.0017464530169735,0.015));
#3770=CARTESIAN_POINT('',(1.5080863686589E-18,-1.90819582357449E-17,0.015));
#3771=CARTESIAN_POINT('',(-0.00174645301697351,-0.0136386363636364,0.015));
#3772=CARTESIAN_POINT('',(-1.79230956607616E-18,-0.01375,0.015));
#3773=CARTESIAN_POINT('',(-0.0017499999796561,-0.013750266840123,0.015));
#3774=CARTESIAN_POINT('',(-0.0017493380882428,-0.0180911056422837,0.015));
#3775=CARTESIAN_POINT('',(0.00174933808824279,-0.0180911056422837,0.015));
#3776=CARTESIAN_POINT('',(0.0017499999796561,-0.013750266840123,0.015));
#3777=CARTESIAN_POINT('',(-1.79230956607616E-18,-0.01375,0.015));
#3778=CARTESIAN_POINT('',(0.00174645301697351,-0.0136386363636364,0.015));
#3779=CARTESIAN_POINT('',(1.5080863686589E-18,-1.90819582357449E-17,0.015));
#3780=CARTESIAN_POINT('',(0.0136386363636364,-0.00174645301697351,0.015));
#3781=CARTESIAN_POINT('',(0.01375,-2.63425424048997E-18,0.015));
#3782=CARTESIAN_POINT('',(0.013750266840123,-0.0017499999796561,0.015));
#3783=CARTESIAN_POINT('',(0.0180911056422837,-0.0017493380882428,0.015));
#3784=CARTESIAN_POINT('',(0.0180911056422837,0.00174933808824279,0.015));
#3785=CARTESIAN_POINT('',(0.013750266840123,0.00174999997965609,0.015));
#3786=CARTESIAN_POINT('',(0.01375,-2.63425424048997E-18,0.015));
#3787=CARTESIAN_POINT('',(0.0136386363636364,0.0017464530169735,0.015));
#3788=CARTESIAN_POINT('',(1.5080863686589E-18,-1.90819582357449E-17,0.015));
#3789=CARTESIAN_POINT('',(0.0017500170707408,0.013638179506522,0.015));
#3790=CARTESIAN_POINT('',(0.00174823505878067,0.0136384080515011,0.015));
#3791=CARTESIAN_POINT('',(0.00174645303942722,0.0136386367157658,0.015));
#3792=CARTESIAN_POINT('',(1.0842021724855E-19,0.01375,0.015));
#3793=CARTESIAN_POINT('',(-1.79230956607616E-18,-0.01375,0.015));
#3794=CARTESIAN_POINT('',(0.00174645301697351,-0.0136386363636364,0.00625));
#3795=CARTESIAN_POINT('',(0.0017499999796561,-0.013750266840123,0.015));
#3796=CARTESIAN_POINT('',(-1.79230956607616E-18,-0.01375,0.015));
#3797=CARTESIAN_POINT('',(-0.00174645301697351,-0.0136386363636364,0.00625));
#3798=CARTESIAN_POINT('',(-0.0017499999796561,-0.013750266840123,0.015));
#3799=CARTESIAN_POINT('',(0.00174933808824279,-0.0180911056422837,0.015));
#3800=CARTESIAN_POINT('',(-0.0017493380882428,-0.0180911056422837,0.015));
#3801=CARTESIAN_POINT('',(1.5080863686589E-18,-1.90819582357449E-17,0.015));
#3802=CARTESIAN_POINT('',(-0.0136386363636364,-0.00174645301697351,0.00625));
#3803=CARTESIAN_POINT('',(-0.0136386363636364,0.00174645301697351,0.00625));
#3804=CARTESIAN_POINT('',(-0.0017500170707408,0.013638179506522,0.015));
#3805=CARTESIAN_POINT('',(-0.0017500170707408,0.013638179506522,-0.0025));
#3806=CARTESIAN_POINT('',(1.5080863686589E-18,-1.90819582357449E-17,-0.0025));
#3807=CARTESIAN_POINT('',(0.0017500170707408,0.013638179506522,-0.0025));
#3808=CARTESIAN_POINT('',(0.0017500170707408,0.013638179506522,0.015));
#3809=CARTESIAN_POINT('',(0.0136386363636364,0.0017464530169735,0.00625));
#3810=CARTESIAN_POINT('',(0.0136386363636364,-0.00174645301697351,0.00625));
#3811=CARTESIAN_POINT('',(-0.01375,9.50364891662356E-19,0.015));
#3812=CARTESIAN_POINT('',(-0.013750266840123,-0.0017499999796561,0.015));
#3813=CARTESIAN_POINT('',(-0.01375,9.50364891662356E-19,0.015));
#3814=CARTESIAN_POINT('',(-0.013750266840123,0.0017499999796561,0.015));
#3815=CARTESIAN_POINT('',(-0.0180911056422837,-0.00174933808824279,0.015));
#3816=CARTESIAN_POINT('',(-0.0180911056422837,0.0017493380882428,0.015));
#3817=CARTESIAN_POINT('',(1.0842021724855E-19,0.01375,0.015));
#3818=CARTESIAN_POINT('',(-0.00174645301697351,0.0136386363636364,0.015));
#3819=CARTESIAN_POINT('',(-0.0017499999796561,0.013750266840123,0.015));
#3820=CARTESIAN_POINT('',(-0.00174933808824279,0.0180911056422837,0.015));
#3821=CARTESIAN_POINT('',(1.0842021724855E-19,0.01375,0.015));
#3822=CARTESIAN_POINT('',(0.00174645301697351,0.0136386363636364,0.015));
#3823=CARTESIAN_POINT('',(0.0017499999796561,0.013750266840123,0.015));
#3824=CARTESIAN_POINT('',(0.00174933808824279,0.0180911056422837,0.015));
#3825=CARTESIAN_POINT('',(0.01375,-2.63425424048997E-18,0.015));
#3826=CARTESIAN_POINT('',(0.013750266840123,0.00174999997965609,0.015));
#3827=CARTESIAN_POINT('',(0.01375,-2.63425424048997E-18,0.015));
#3828=CARTESIAN_POINT('',(0.013750266840123,-0.0017499999796561,0.015));
#3829=CARTESIAN_POINT('',(0.0180911056422837,0.00174933808824279,0.015));
#3830=CARTESIAN_POINT('',(0.0180911056422837,-0.0017493380882428,0.015));
#3831=CARTESIAN_POINT('',(-1.7347234759768E-17,0.01375,0.015));
#3832=CARTESIAN_POINT('',(-0.00174645301697351,0.0136386363636364,0.015));
#3833=CARTESIAN_POINT('',(-0.00174645301697351,0.0136386363636364,-0.0025));
#3834=CARTESIAN_POINT('',(0.00174645301697351,0.0136386363636364,0.015));
#3835=CARTESIAN_POINT('',(0.00174645301697351,0.0136386363636364,-0.0025));
#3836=CARTESIAN_POINT('',(-1.7347234759768E-17,0.01375,-0.0025));
#3837=CARTESIAN_POINT('',(-0.00174823505878067,0.0136384080515011,0.015));
#3838=CARTESIAN_POINT('',(-0.00174823505878067,0.0136384080515011,-0.0025));
#3839=CARTESIAN_POINT('',(0.00174823505878067,0.0136384080515011,0.015));
#3840=CARTESIAN_POINT('',(0.00174823505878067,0.0136384080515011,-0.0025));
#3841=CARTESIAN_POINT('',(0.,6.27631484563019E-19,0.015));
#3842=CARTESIAN_POINT('',(0.,6.27631484563019E-19,0.));
#3843=CARTESIAN_POINT('',(0.01025,6.27631484563019E-19,0.));
#3844=CARTESIAN_POINT('',(0.,-1.04083408558608E-17,0.));
#3845=CARTESIAN_POINT('',(-0.008,1.83697019872103E-19,0.));
#3846=CARTESIAN_POINT('',(-0.006,1.83697019872103E-19,0.));
#3847=CARTESIAN_POINT('',(0.,-0.008,0.));
#3848=CARTESIAN_POINT('',(0.002,-0.008,0.));
#3849=CARTESIAN_POINT('',(0.008,1.83697019872103E-19,0.));
#3850=CARTESIAN_POINT('',(0.01,1.83697019872103E-19,0.));
#3851=CARTESIAN_POINT('',(0.,0.008,0.));
#3852=CARTESIAN_POINT('',(0.002,0.008,0.));
#3853=CARTESIAN_POINT('',(0.,-1.04083408558608E-17,-0.0025));
#3854=CARTESIAN_POINT('',(0.,6.27631484563019E-19,-0.0025));
#3855=CARTESIAN_POINT('',(0.01025,6.27631484563019E-19,-0.0025));
#3856=CARTESIAN_POINT('',(0.,6.27631484563019E-19,0.));
#3857=CARTESIAN_POINT('',(0.,6.27631484563019E-19,-0.005));
#3858=CARTESIAN_POINT('',(0.01025,6.27631484563019E-19,-0.005));
#3859=CARTESIAN_POINT('',(0.,-0.008,0.));
#3860=CARTESIAN_POINT('',(0.,-0.008,-0.005));
#3861=CARTESIAN_POINT('',(0.001,-0.008,-0.005));
#3862=CARTESIAN_POINT('',(0.,-0.008,-0.0017));
#3863=CARTESIAN_POINT('',(0.001,-0.008,-0.0017));
#3864=CARTESIAN_POINT('',(0.008,6.12323399573677E-20,0.));
#3865=CARTESIAN_POINT('',(0.008,6.12323399573677E-20,-0.005));
#3866=CARTESIAN_POINT('',(0.009,6.12323399573677E-20,-0.005));
#3867=CARTESIAN_POINT('',(0.008,6.12323399573677E-20,-0.0017));
#3868=CARTESIAN_POINT('',(0.009,6.12323399573677E-20,-0.0017));
#3869=CARTESIAN_POINT('',(0.,0.008,0.));
#3870=CARTESIAN_POINT('',(0.,0.008,-0.005));
#3871=CARTESIAN_POINT('',(0.001,0.008,-0.005));
#3872=CARTESIAN_POINT('',(0.,0.008,-0.0017));
#3873=CARTESIAN_POINT('',(0.001,0.008,-0.0017));
#3874=CARTESIAN_POINT('',(-0.008,6.12323399573677E-20,0.));
#3875=CARTESIAN_POINT('',(-0.008,6.12323399573677E-20,-0.005));
#3876=CARTESIAN_POINT('',(-0.007,6.12323399573677E-20,-0.005));
#3877=CARTESIAN_POINT('',(-0.008,6.12323399573677E-20,-0.0017));
#3878=CARTESIAN_POINT('',(-0.007,6.12323399573677E-20,-0.0017));
#3879=CARTESIAN_POINT('',(0.,0.,-0.005));
#3880=CARTESIAN_POINT('',(0.,2.4492935982947E-19,-0.005));
#3881=CARTESIAN_POINT('',(0.004,2.4492935982947E-19,-0.005));
#3882=CARTESIAN_POINT('',(0.,2.4492935982947E-19,-0.0031));
#3883=CARTESIAN_POINT('',(0.,2.4492935982947E-19,-0.0031));
#3884=CARTESIAN_POINT('',(0.004,2.4492935982947E-19,-0.0031));
#3885=CARTESIAN_POINT('',(0.,0.,-0.0031));
#3886=CARTESIAN_POINT('',(-0.008,1.83697019872103E-19,-0.0017));
#3887=CARTESIAN_POINT('',(-0.008,1.83697019872103E-19,-0.0017));
#3888=CARTESIAN_POINT('',(-0.006,1.83697019872103E-19,-0.0017));
#3889=CARTESIAN_POINT('',(0.,0.,-0.0017));
#3890=CARTESIAN_POINT('',(0.,-0.008,-0.0017));
#3891=CARTESIAN_POINT('',(0.,-0.008,-0.0017));
#3892=CARTESIAN_POINT('',(0.002,-0.008,-0.0017));
#3893=CARTESIAN_POINT('',(0.,0.,-0.0017));
#3894=CARTESIAN_POINT('',(0.008,1.83697019872103E-19,-0.0017));
#3895=CARTESIAN_POINT('',(0.008,1.83697019872103E-19,-0.0017));
#3896=CARTESIAN_POINT('',(0.01,1.83697019872103E-19,-0.0017));
#3897=CARTESIAN_POINT('',(0.,0.,-0.0017));
#3898=CARTESIAN_POINT('',(0.,0.008,-0.0017));
#3899=CARTESIAN_POINT('',(0.,0.008,-0.0017));
#3900=CARTESIAN_POINT('',(0.002,0.008,-0.0017));
#3901=CARTESIAN_POINT('',(0.,0.,-0.0017));
#3902=MECHANICAL_DESIGN_GEOMETRIC_PRESENTATION_REPRESENTATION('',(#2164),
#3903);
#3903=(
GEOMETRIC_REPRESENTATION_CONTEXT(3)
GLOBAL_UNCERTAINTY_ASSIGNED_CONTEXT((#3904))
GLOBAL_UNIT_ASSIGNED_CONTEXT((#3907,#3906,#3905))
REPRESENTATION_CONTEXT('Part 1','TOP_LEVEL_ASSEMBLY_PART')
);
#3904=UNCERTAINTY_MEASURE_WITH_UNIT(LENGTH_MEASURE(2.E-5),#3907,
'DISTANCE_ACCURACY_VALUE','Maximum Tolerance applied to model');
#3905=(
NAMED_UNIT(*)
SI_UNIT($,.STERADIAN.)
SOLID_ANGLE_UNIT()
);
#3906=(
NAMED_UNIT(*)
PLANE_ANGLE_UNIT()
SI_UNIT($,.RADIAN.)
);
#3907=(
LENGTH_UNIT()
NAMED_UNIT(*)
SI_UNIT($,.METRE.)
);
#3908=PRODUCT_DEFINITION_SHAPE('','',#3909);
#3909=PRODUCT_DEFINITION('','',#3911,#3910);
#3910=PRODUCT_DEFINITION_CONTEXT('',#3917,'design');
#3911=PRODUCT_DEFINITION_FORMATION_WITH_SPECIFIED_SOURCE('','',#3913,
 .NOT_KNOWN.);
#3912=PRODUCT_RELATED_PRODUCT_CATEGORY('','',(#3913));
#3913=PRODUCT('Part 1','Part 1','Part 1',(#3915));
#3914=PRODUCT_CATEGORY('','');
#3915=PRODUCT_CONTEXT('',#3917,'mechanical');
#3916=APPLICATION_PROTOCOL_DEFINITION('international standard',
'ap242_managed_model_based_3d_engineering',2020,#3917);
#3917=APPLICATION_CONTEXT('managed model based 3d engineering');
ENDSEC;
END-ISO-10303-21;
